consumo_kwh,uso_horario_pico,cantidad_equipos,tipo_vivienda,horas_alto_consumo,categoria
173.68,True,6,Departamento,19,1
583.18,False,10,Departamento,14,2
494.45,False,24,Pequeño Comercio,17,0
109.56,True,11,Casa,19,0
380.47,True,13,Departamento,16,1
243.47,True,9,Departamento,19,0
268.0,False,8,Departamento,16,1
575.19,False,11,Departamento,11,2
709.22,True,15,Casa,18,2
521.22,False,14,Casa,12,1
258.48,True,19,Departamento,18,0
792.95,False,11,Departamento,14,2
420.55,True,22,Pequeño Comercio,21,0
103.39,False,9,Casa,17,0
546.1,False,11,Casa,11,2
411.94,True,10,Departamento,18,2
212.74,True,13,Departamento,21,0
292.4,True,12,Departamento,22,0
532.73,False,12,Departamento,16,2
201.37,True,10,Departamento,17,0
469.55,False,17,Departamento,22,1
412.89,False,11,Departamento,13,1
1033.89,True,14,Casa,20,2
260.01,False,6,Departamento,8,1
366.86,False,17,Departamento,10,0
317.82,True,14,Casa,21,1
375.07,True,6,Departamento,16,2
436.03,True,11,Casa,17,1
680.23,False,23,Casa,9,0
455.0,True,18,Departamento,19,0
441.13,True,13,Casa,20,2
339.26,True,15,Pequeño Comercio,15,0
162.92,True,7,Casa,16,1
310.4,True,15,Departamento,17,0
1023.36,True,24,Casa,20,2
469.9,True,12,Casa,17,1
227.56,True,8,Departamento,16,1
377.46,False,11,Departamento,3,0
373.77,False,15,Departamento,13,0
614.28,False,18,Departamento,12,1
1174.77,True,23,Departamento,17,2
693.2,False,12,Casa,19,2
462.83,True,21,Pequeño Comercio,21,0
622.3,False,25,Pequeño Comercio,23,1
300.72,False,20,Departamento,14,0
691.42,True,21,Casa,18,1
396.06,False,14,Pequeño Comercio,11,0
753.14,False,17,Casa,12,2
1037.71,False,19,Casa,11,2
268.82,True,23,Casa,17,0
192.13,False,9,Departamento,11,0
720.37,False,19,Pequeño Comercio,10,1
69.65,False,5,Pequeño Comercio,13,0
335.37,False,15,Casa,14,0
166.35,False,10,Pequeño Comercio,12,0
284.41,False,20,Casa,13,0
339.2,True,16,Casa,20,0
187.83,False,12,Departamento,9,0
413.32,True,19,Departamento,17,0
498.54,True,13,Casa,18,2
1028.43,False,17,Casa,15,2
611.07,True,11,Casa,17,2
485.5,True,20,Casa,17,0
335.32,True,8,Departamento,17,2
647.26,False,16,Departamento,10,1
391.68,False,10,Casa,8,1
1489.38,True,28,Casa,19,2
260.26,True,10,Casa,21,1
163.7,False,24,Casa,12,0
313.39,False,10,Pequeño Comercio,14,1
103.59,False,6,Departamento,11,0
338.91,False,15,Casa,12,0
343.74,False,14,Departamento,18,0
141.91,False,9,Pequeño Comercio,17,0
185.51,False,14,Casa,14,0
904.58,True,15,Departamento,18,2
496.51,False,10,Departamento,15,2
262.94,True,10,Departamento,16,1
359.25,False,18,Casa,9,0
248.93,False,13,Casa,12,0
699.47,False,12,Departamento,12,2
516.99,True,9,Casa,18,2
987.05,True,21,Casa,18,2
191.72,False,7,Casa,11,0
225.98,False,10,Departamento,19,0
434.4,True,18,Departamento,20,0
824.81,True,11,Departamento,18,2
559.33,False,18,Casa,15,1
529.18,False,13,Pequeño Comercio,9,1
240.71,False,11,Departamento,12,0
1047.93,False,23,Casa,10,1
246.02,True,11,Casa,16,0
404.97,True,15,Pequeño Comercio,18,1
650.55,True,15,Casa,16,2
572.58,True,14,Casa,17,2
575.82,False,10,Departamento,15,2
504.06,True,18,Pequeño Comercio,17,1
352.06,True,15,Departamento,16,0
428.31,True,11,Casa,20,1
256.28,True,7,Departamento,19,1
314.75,False,10,Casa,17,1
939.19,False,18,Casa,7,1
670.09,False,29,Casa,18,0
266.35,True,9,Departamento,19,1
1235.75,True,17,Casa,17,2
519.57,True,13,Casa,21,2
748.66,False,22,Casa,12,1
577.93,False,17,Casa,10,1
312.19,False,10,Casa,15,1
307.41,True,11,Departamento,19,1
1631.56,True,12,Casa,20,2
478.13,False,19,Departamento,9,0
177.13,False,10,Departamento,12,0
221.31,False,7,Pequeño Comercio,17,1
494.64,True,9,Casa,16,2
310.41,False,12,Casa,12,0
197.33,False,8,Casa,11,0
787.32,False,10,Casa,7,2
208.78,True,13,Departamento,18,0
403.8,False,12,Casa,5,0
491.87,True,8,Casa,18,2
232.26,False,12,Casa,17,0
289.7,True,8,Departamento,19,1
106.07,True,7,Departamento,16,0
483.6,True,10,Casa,13,2
769.81,True,14,Casa,18,2
1160.02,False,18,Casa,15,2
662.77,False,14,Departamento,18,2
657.49,True,14,Casa,19,2
528.56,False,16,Departamento,16,1
665.21,True,20,Casa,15,1
452.75,True,15,Casa,21,1
159.65,True,11,Departamento,19,0
1027.09,False,20,Casa,14,2
560.28,False,12,Departamento,9,1
545.83,True,19,Casa,18,1
299.0,False,12,Departamento,17,1
1702.3995720866458,True,12,Casa,19,0
452.27,False,11,Departamento,15,1
238.83,True,11,Casa,21,0
232.14,False,10,Departamento,16,0
554.25,False,20,Casa,11,0
734.11,False,29,Casa,13,0
69.39,False,8,Departamento,19,0
288.03,True,9,Casa,16,1
239.64,True,7,Departamento,22,1
990.42,True,21,Casa,17,2
168.73,True,8,Departamento,19,1
298.47,False,13,Casa,8,0
402.06,False,8,Departamento,11,2
293.56,True,11,Casa,19,1
232.47,True,8,Casa,15,1
773.24,False,22,Casa,16,1
203.56,False,11,Departamento,14,0
812.12,True,16,Casa,23,2
323.37,False,9,Casa,15,1
361.41,False,12,Casa,13,1
265.19,False,15,Departamento,7,0
310.8,False,13,Casa,14,0
404.96,True,10,Casa,22,2
352.64,False,15,Pequeño Comercio,16,0
696.69,False,12,Casa,18,2
713.53,False,24,Pequeño Comercio,14,1
795.02,False,16,Casa,14,2
811.55,False,20,Casa,16,1
370.5,True,15,Casa,19,1
288.48,False,7,Departamento,15,2
558.85,True,12,Casa,19,2
339.57,False,10,Departamento,10,1
476.97,True,11,Casa,18,2
520.87,False,14,Departamento,13,1
306.75,True,10,Casa,19,1
591.34,True,16,Departamento,21,1
944.19,False,18,Casa,13,2
469.63,True,19,Departamento,17,1
151.03,True,11,Departamento,21,0
272.91,False,11,Departamento,15,0
237.18,False,6,Departamento,13,1
1173.04,True,20,Casa,19,2
709.49,True,8,Casa,18,2
378.84,False,12,Departamento,15,1
452.0,True,13,Departamento,20,1
403.06,True,8,Casa,17,2
544.62,True,14,Casa,20,2
226.5,True,12,Casa,20,0
753.08,True,8,Departamento,15,2
418.42,False,11,Departamento,14,1
387.48,True,10,Departamento,19,2
879.3,True,11,Departamento,19,2
906.33,True,10,Departamento,19,2
769.22,True,16,Casa,15,2
423.48,False,10,Casa,18,2
528.5,True,11,Casa,17,2
758.76,True,10,Departamento,22,2
1409.79,True,26,Casa,19,2
1250.7,False,17,Casa,7,2
589.09,True,19,Casa,23,2
935.7,True,11,Casa,19,2
210.6,False,8,Casa,16,1
519.44,True,14,Departamento,15,2
243.49,False,13,Departamento,9,0
472.35,True,13,Casa,22,2
269.79,False,9,Departamento,11,1
186.64,True,10,Departamento,20,0
193.44,True,12,Departamento,19,0
347.07,False,16,Casa,12,0
207.8,False,14,Casa,16,0
404.31,True,16,Departamento,16,0
278.6,False,12,Casa,19,0
372.33,False,16,Casa,13,0
963.73,True,22,Casa,23,2
437.86,False,8,Departamento,13,2
672.33,False,20,Departamento,13,1
436.48,True,15,Casa,21,1
977.14,True,13,Departamento,23,2
905.88,True,15,Departamento,17,2
1138.77,False,26,Casa,7,1
268.41,True,9,Casa,21,1
132.07,False,6,Departamento,10,0
558.4,True,9,Departamento,20,2
612.47,True,14,Casa,17,2
395.09,True,9,Departamento,19,2
445.62,False,18,Departamento,13,0
845.2,False,12,Casa,2,2
655.62,False,23,Casa,20,1
218.14,True,11,Departamento,19,1
532.88,True,17,Departamento,17,1
902.99,False,23,Casa,5,1
607.24,False,20,Casa,11,1
204.87,True,9,Casa,20,0
470.07,True,11,Departamento,19,2
854.18,True,12,Departamento,14,2
205.6,True,7,Departamento,20,1
279.2,True,15,Departamento,17,0
407.68,False,11,Casa,18,1
489.96,False,12,Departamento,17,1
457.4,True,14,Departamento,17,1
313.55,True,10,Casa,18,1
371.11,True,12,Departamento,16,1
203.34,True,15,Casa,20,0
369.03,False,9,Departamento,15,2
154.2,True,7,Departamento,17,1
484.71,False,12,Casa,12,1
264.62,True,9,Casa,18,1
376.82,True,19,Departamento,17,0
160.95,True,8,Pequeño Comercio,18,0
315.16,False,13,Casa,13,0
686.1,False,20,Casa,13,1
189.88,True,13,Departamento,17,0
542.77,True,14,Casa,19,2
175.52,False,15,Departamento,15,0
565.69,False,14,Departamento,11,1
498.31,True,15,Casa,19,1
388.66,False,15,Casa,15,1
429.6,False,16,Casa,21,1
334.51,True,14,Casa,14,0
612.55,True,20,Casa,19,1
260.32,False,8,Casa,14,1
436.16,False,18,Casa,18,0
1168.09,False,22,Casa,16,2
1248.07,True,15,Departamento,22,2
378.11,True,10,Casa,19,1
480.42,True,13,Casa,22,2
236.54,False,9,Pequeño Comercio,16,1
387.38,False,10,Casa,9,1
209.82,False,6,Departamento,15,1
161.83,True,9,Casa,20,0
773.1,True,14,Casa,20,2
648.55,True,8,Departamento,20,2
288.41,True,11,Casa,19,1
527.36,True,14,Departamento,18,1
575.94,False,14,Casa,17,1
424.64,False,15,Casa,8,0
967.05,False,12,Casa,13,2
393.97,True,16,Departamento,20,1
459.04,False,24,Pequeño Comercio,15,0
735.51,False,18,Casa,12,1
274.51,True,12,Departamento,20,1
412.85,True,14,Casa,21,1
1108.11,True,17,Departamento,18,2
699.81,False,20,Casa,13,1
934.44,True,14,Casa,21,2
546.09,True,11,Casa,19,2
258.75,True,13,Casa,19,0
620.07,False,8,Departamento,15,2
360.42,True,8,Departamento,19,2
423.24,False,13,Casa,8,0
150.13,True,12,Casa,19,0
529.64,True,16,Departamento,16,1
713.26,True,22,Departamento,22,1
337.33,False,12,Pequeño Comercio,18,1
627.27,False,11,Casa,21,2
193.8,True,11,Casa,19,0
500.88,False,17,Casa,14,1
313.52,False,12,Pequeño Comercio,5,0
961.22,True,18,Casa,20,2
155.17,False,7,Casa,19,0
1060.95,True,14,Casa,18,2
219.59,True,9,Casa,20,1
790.87,True,17,Casa,19,2
230.91,True,10,Casa,16,0
512.54,True,18,Casa,16,1
131.13,True,9,Departamento,21,0
333.54,False,8,Casa,11,1
645.44,False,13,Casa,12,2
559.91,False,26,Casa,5,0
732.72,True,16,Casa,21,2
178.31,True,9,Departamento,20,0
163.52,True,17,Departamento,21,0
1560.82,True,19,Casa,22,2
724.71,False,12,Casa,9,2
222.88,True,14,Departamento,22,0
864.78,True,19,Casa,17,2
489.14,False,14,Departamento,11,1
200.15,False,19,Casa,17,0
630.55,False,22,Casa,11,1
589.43,False,9,Casa,7,2
399.1,False,9,Casa,23,2
297.65,True,7,Departamento,20,2
852.76,True,14,Casa,19,2
833.65,True,19,Departamento,16,2
400.35,True,13,Departamento,14,1
320.26,True,11,Casa,18,1
527.05,True,15,Casa,15,1
547.42,True,13,Casa,18,2
183.49,True,8,Pequeño Comercio,18,0
525.97,True,13,Casa,21,2
266.99,True,8,Casa,18,1
205.36,False,14,Departamento,12,0
196.54,False,10,Departamento,8,0
341.83,True,17,Pequeño Comercio,22,0
913.89,True,14,Departamento,20,2
902.49,False,13,Casa,17,2
268.39,False,13,Departamento,13,0
1734.2162797616852,False,11,Departamento,16,0
918.99,False,22,Casa,5,1
124.37,False,10,Departamento,10,0
264.8,False,9,Casa,18,1
332.58,True,9,Casa,20,1
777.64,False,21,Pequeño Comercio,15,1
282.29,False,7,Casa,14,1
481.39,False,14,Casa,12,1
332.83,False,9,Casa,11,1
228.4,False,5,Casa,9,1
427.19,False,11,Casa,9,1
430.03,True,18,Pequeño Comercio,18,0
403.79,False,10,Departamento,12,1
404.28,False,19,Casa,19,0
358.73,True,12,Casa,21,1
1427.72,True,14,Casa,21,2
319.74,False,29,Casa,12,0
327.29,False,15,Casa,9,0
934.87,True,26,Casa,17,1
347.68,True,11,Casa,16,1
157.45,False,8,Casa,9,0
409.46,True,9,Casa,19,2
569.65,False,8,Casa,13,2
149.69,True,9,Casa,17,0
378.26,False,13,Casa,13,0
1105.45,False,15,Casa,21,2
315.19,True,22,Casa,21,0
239.79,True,10,Departamento,19,1
135.37,False,9,Casa,17,0
470.71,True,9,Casa,20,2
347.66,False,19,Casa,20,0
978.11,True,22,Casa,17,2
693.62,False,13,Casa,15,2
717.69,True,25,Casa,19,1
408.18,False,11,Casa,14,1
230.94,False,9,Pequeño Comercio,14,0
319.89,True,8,Departamento,20,2
315.02,True,14,Departamento,16,0
238.08,False,12,Casa,17,0
809.13,False,18,Casa,9,1
581.63,False,18,Casa,9,1
642.76,False,21,Departamento,14,1
240.33,True,8,Departamento,22,1
620.66,True,9,Departamento,16,2
131.99,False,8,Casa,17,0
292.07,False,12,Departamento,12,0
396.74,True,10,Casa,18,2
376.7,False,13,Departamento,12,1
898.76,True,18,Casa,17,2
691.12,False,13,Departamento,16,2
1070.11,True,15,Casa,20,2
1219.48,True,18,Casa,19,2
564.25,False,19,Casa,18,1
241.34,False,12,Departamento,23,0
627.24,True,21,Departamento,20,1
495.65,False,13,Casa,9,1
377.41,True,12,Casa,21,1
76.93,True,3,Pequeño Comercio,20,1
246.0,False,10,Departamento,14,0
884.8,True,20,Casa,18,2
748.96,True,14,Departamento,17,2
395.11,False,11,Casa,4,1
1098.17,True,21,Departamento,18,2
301.7,False,15,Departamento,2,0
119.35,False,9,Departamento,13,0
337.63,True,20,Casa,17,0
387.59,False,9,Casa,13,2
237.02,True,13,Casa,19,0
283.96,False,11,Casa,19,0
827.17,True,28,Casa,17,1
277.59,True,13,Departamento,20,0
490.58,True,24,Casa,18,0
211.32,False,9,Casa,20,0
279.94,True,12,Casa,20,1
626.69,False,13,Departamento,20,2
445.14,False,9,Departamento,13,2
446.82,False,24,Casa,10,0
204.32,False,12,Casa,10,0
296.07,True,9,Departamento,22,1
561.65,False,14,Departamento,13,1
571.35,True,12,Departamento,17,2
461.27,True,8,Departamento,20,2
482.16,True,9,Casa,21,2
279.04,True,13,Casa,19,0
337.85,True,12,Departamento,17,1
344.1,False,10,Departamento,14,1
332.66,True,17,Departamento,13,0
1000.08,False,17,Departamento,17,2
107.44,False,6,Departamento,15,0
167.54,False,10,Departamento,13,0
840.3,True,22,Departamento,20,2
622.03,False,13,Departamento,9,1
488.03,True,19,Casa,20,1
181.43,False,11,Departamento,14,0
294.55,False,8,Departamento,11,1
490.26,False,8,Pequeño Comercio,14,2
617.85,True,13,Casa,19,2
789.47,False,14,Departamento,13,2
151.18,True,7,Departamento,20,0
693.55,True,21,Pequeño Comercio,19,1
981.38,False,24,Casa,14,1
571.24,False,23,Pequeño Comercio,13,0
199.7,True,15,Departamento,21,0
454.19,False,14,Casa,14,1
191.58,True,10,Departamento,18,0
239.62,False,8,Departamento,11,1
474.1,False,9,Departamento,15,2
102.49,False,10,Departamento,10,0
978.58,False,23,Departamento,17,2
667.76,True,12,Casa,18,2
164.32,False,5,Departamento,9,1
465.3,False,24,Casa,15,0
846.36,True,29,Casa,20,1
819.45,True,9,Casa,19,2
90.7,False,9,Casa,15,0
620.36,False,10,Departamento,9,2
293.58,True,7,Casa,18,2
1082.47,True,17,Casa,20,2
1208.61,True,21,Casa,22,2
520.03,False,15,Departamento,16,1
347.29,False,16,Casa,15,0
135.0,False,5,Casa,6,0
1002.11,True,20,Departamento,18,2
395.91,False,9,Departamento,15,2
578.72,True,22,Casa,19,1
379.67,False,9,Pequeño Comercio,13,2
170.58,False,18,Casa,16,0
101.95,False,11,Departamento,9,0
558.65,True,13,Casa,22,2
167.53,False,8,Pequeño Comercio,14,0
343.4,False,12,Departamento,19,1
232.24,False,11,Departamento,5,0
345.73,False,16,Departamento,8,0
265.66,False,7,Departamento,7,1
494.11,True,12,Casa,20,2
285.43,False,11,Casa,5,0
206.19,True,6,Departamento,18,1
593.7,True,11,Departamento,20,2
92.03,True,10,Departamento,18,0
763.85,False,17,Casa,19,2
795.67,True,16,Casa,16,2
256.51,False,12,Departamento,21,0
285.28,True,10,Departamento,18,1
346.64,False,13,Departamento,13,1
80.9,True,9,Departamento,16,0
289.4,True,9,Casa,19,1
605.47,False,12,Departamento,22,2
259.1,False,14,Casa,15,0
329.68,False,8,Casa,9,1
743.71,True,15,Pequeño Comercio,23,2
280.07,False,10,Departamento,14,1
382.09,True,21,Casa,16,0
377.43,False,13,Departamento,14,1
414.61,False,10,Departamento,18,2
573.85,True,10,Departamento,18,2
493.45,False,10,Casa,15,2
423.17,False,16,Casa,18,1
124.44,True,12,Departamento,21,0
520.85,False,9,Casa,14,2
687.83,True,16,Casa,19,2
308.86,False,15,Casa,4,0
519.42,True,13,Departamento,21,2
195.05,True,7,Departamento,20,1
500.3,False,15,Casa,22,1
701.99,True,20,Casa,21,1
159.47,False,5,Departamento,17,1
213.55,False,10,Departamento,15,0
399.2,True,11,Casa,19,2
272.8,False,15,Departamento,16,0
318.64,True,12,Departamento,16,1
469.98,True,13,Departamento,18,1
304.55,False,14,Casa,11,0
428.2,False,17,Casa,14,0
548.77,True,14,Casa,20,2
514.83,False,22,Casa,18,0
240.41,True,9,Departamento,23,1
452.12,False,16,Casa,22,1
156.62,True,9,Departamento,17,0
537.75,False,14,Departamento,12,1
355.92,False,12,Casa,15,1
543.78,True,16,Casa,20,1
816.89,False,15,Casa,17,2
248.36,False,11,Departamento,17,0
296.97,False,15,Casa,20,0
307.63,False,19,Casa,17,0
165.69,False,12,Departamento,13,0
447.89,True,12,Departamento,16,1
236.54,False,10,Departamento,13,0
347.29,True,8,Casa,20,2
155.63,False,10,Casa,12,0
607.83,False,13,Departamento,14,2
238.51,False,12,Departamento,13,0
322.94,True,20,Casa,20,0
218.35,False,20,Departamento,15,0
452.62,False,10,Casa,13,2
367.14,True,8,Casa,17,2
292.6,False,12,Casa,8,0
561.46,True,13,Departamento,13,2
335.06,True,8,Casa,15,2
1010.23,True,22,Casa,20,2
829.59,False,11,Casa,17,2
285.54,True,9,Casa,19,1
450.09,True,16,Casa,15,1
337.87,True,13,Casa,16,0
185.33,True,10,Departamento,14,0
172.38,True,5,Departamento,18,1
247.98,True,10,Departamento,19,1
290.48,True,10,Casa,18,1
799.49,True,16,Casa,17,2
706.12,False,13,Pequeño Comercio,14,2
738.65,True,24,Casa,18,1
310.74,True,9,Departamento,17,1
1068.95,False,14,Casa,23,2
194.69,False,8,Departamento,13,0
168.86,False,8,Departamento,14,0
637.8,False,15,Departamento,12,1
515.51,False,12,Casa,16,2
403.95,True,16,Casa,17,0
374.38,False,14,Departamento,17,1
613.6,False,11,Casa,14,2
493.77,True,12,Casa,20,2
175.45,True,10,Departamento,20,0
530.64,True,17,Casa,20,1
424.91,True,8,Casa,16,2
312.55,False,10,Casa,17,1
585.24,True,11,Casa,20,2
352.4,True,7,Casa,23,2
797.66,False,11,Departamento,9,2
429.1,True,9,Casa,23,2
330.72,False,14,Departamento,17,0
269.98,True,16,Casa,17,0
1054.94,True,17,Casa,16,2
644.1,True,11,Departamento,18,2
288.15,True,7,Departamento,20,2
285.93,True,10,Departamento,17,1
977.49,False,19,Casa,10,2
373.2,True,10,Departamento,19,1
108.57,True,6,Departamento,18,0
221.54,True,11,Departamento,19,0
359.88,True,14,Casa,18,0
478.9,False,22,Casa,17,0
201.53,False,8,Departamento,11,0
663.42,True,22,Departamento,19,1
111.4,True,9,Casa,20,0
235.06,False,6,Casa,13,1
538.78,True,14,Casa,19,2
349.71,True,12,Departamento,23,1
207.97,False,14,Departamento,10,0
92.07,False,4,Departamento,10,0
321.6,True,26,Casa,17,0
218.37,False,8,Departamento,15,0
194.24,True,7,Casa,16,1
362.98,True,6,Departamento,16,2
215.65,False,6,Departamento,12,1
317.62,False,16,Casa,15,0
864.56,False,10,Casa,15,2
437.03,False,14,Casa,14,1
485.37,False,12,Departamento,17,2
604.02,False,11,Departamento,11,2
263.65,True,9,Departamento,18,1
127.5,False,7,Departamento,13,0
178.16,False,8,Departamento,11,0
344.09,True,6,Departamento,21,2
624.34,False,16,Casa,9,1
663.18,True,24,Casa,19,1
191.83,False,11,Casa,14,0
431.46,True,13,Departamento,20,1
725.23,True,15,Departamento,23,2
208.56,True,11,Casa,22,0
341.95,True,19,Departamento,18,0
256.7,False,8,Casa,12,1
706.36,True,17,Departamento,20,2
164.99,True,8,Departamento,20,0
258.36,True,12,Departamento,20,1
120.0,True,10,Departamento,19,0
1311.64,False,20,Casa,9,2
522.87,True,9,Casa,17,2
712.84,False,14,Casa,13,2
274.75,True,12,Departamento,21,0
649.06,True,13,Casa,18,2
396.96,False,21,Departamento,14,0
794.2,True,18,Casa,21,2
494.46,True,14,Casa,18,1
1516.28,True,10,Casa,15,2
418.89,False,15,Casa,12,1
333.91,True,8,Casa,20,2
367.91,True,9,Departamento,19,2
423.96,False,15,Departamento,6,0
327.87,False,20,Casa,8,0
221.11,False,9,Pequeño Comercio,17,0
417.97,True,16,Departamento,18,1
781.56,False,13,Casa,16,2
570.38,False,20,Casa,12,0
319.67,True,14,Casa,15,0
679.5,True,14,Casa,20,2
590.58,True,11,Departamento,17,2
279.36,True,8,Departamento,17,1
183.26,False,9,Departamento,14,0
1159.06,True,11,Casa,16,2
628.77,False,10,Casa,16,2
203.08,False,12,Casa,15,0
206.26,False,16,Casa,5,0
333.25,True,11,Casa,18,1
492.77,False,23,Casa,14,0
630.06,True,20,Casa,18,1
162.89,False,14,Casa,12,0
241.88,False,6,Casa,16,2
173.98,True,11,Casa,19,0
453.35,True,13,Casa,21,1
413.02,True,12,Departamento,19,1
405.61,False,13,Departamento,8,0
691.13,True,22,Casa,18,1
301.9,False,15,Departamento,11,0
134.9,False,9,Casa,15,0
251.83,True,11,Casa,14,0
456.6,False,11,Casa,17,2
357.16,True,10,Casa,21,1
129.1,True,8,Departamento,20,0
1701.4,True,20,Casa,23,2
181.7,False,12,Departamento,9,0
545.99,False,17,Casa,13,1
296.32,True,16,Casa,19,0
432.73,False,10,Departamento,13,1
582.93,True,12,Casa,17,2
163.92,False,6,Casa,15,1
628.96,False,12,Pequeño Comercio,15,2
469.22,True,18,Departamento,18,1
258.82,True,14,Casa,18,0
455.03,False,23,Departamento,18,0
686.41,True,14,Departamento,20,2
526.74,False,19,Casa,13,1
231.63,False,8,Casa,11,1
766.79,True,15,Departamento,17,2
621.43,True,18,Casa,20,1
154.24,False,8,Pequeño Comercio,9,0
475.07,True,10,Departamento,20,2
268.41,True,8,Departamento,17,1
501.8,False,23,Casa,11,0
566.85,False,17,Casa,9,1
595.52,True,22,Casa,16,1
523.04,False,15,Departamento,13,1
1738.92,True,23,Casa,18,2
244.02,False,12,Departamento,13,0
457.63,False,15,Casa,19,1
494.66,False,15,Departamento,13,1
547.51,True,12,Casa,17,2
411.35,False,13,Casa,18,1
264.38,True,8,Casa,20,1
284.98,False,15,Departamento,16,0
471.18,False,11,Casa,9,1
272.57,True,10,Departamento,19,1
1193.23,True,13,Casa,19,2
552.39,True,18,Departamento,17,1
347.19,False,10,Departamento,9,1
303.64,False,7,Departamento,13,1
190.99,False,12,Departamento,13,0
385.83,False,8,Departamento,14,2
491.0,False,16,Casa,11,1
376.76,False,13,Departamento,10,0
268.75,False,12,Casa,12,0
707.59,False,14,Casa,18,2
320.29,False,8,Departamento,18,2
183.73,False,8,Casa,16,0
162.18,False,13,Pequeño Comercio,15,0
579.24,True,9,Departamento,21,2
285.54,False,10,Casa,10,1
456.43,True,14,Casa,18,1
858.63,False,13,Casa,15,2
412.29,False,12,Casa,13,1
575.65,False,10,Departamento,10,2
304.81,False,12,Casa,10,0
195.48,True,12,Casa,21,0
546.16,True,16,Departamento,19,1
421.69,False,14,Departamento,10,1
1019.34,True,16,Departamento,16,2
503.96,True,10,Departamento,20,2
294.99,False,12,Casa,23,1
950.09,True,13,Casa,22,2
431.12,True,12,Departamento,18,2
669.58,True,13,Casa,20,2
409.03,True,11,Casa,22,2
508.4,True,24,Departamento,18,0
312.04,True,10,Casa,18,1
788.2,True,29,Departamento,17,1
1247.8,True,15,Departamento,21,2
481.7,False,15,Casa,18,1
459.21,False,10,Casa,12,2
551.98,True,18,Casa,21,1
190.1,True,10,Departamento,17,0
938.92,False,19,Casa,9,2
1112.36,False,30,Casa,10,1
409.19,True,7,Casa,17,2
346.36,True,12,Casa,20,1
508.72,True,15,Departamento,20,1
560.5,True,10,Pequeño Comercio,16,2
371.11,False,21,Casa,15,0
794.48,False,10,Departamento,23,2
292.5,False,12,Casa,7,0
339.43,True,12,Departamento,19,1
364.81,True,13,Casa,18,1
492.16,False,20,Casa,11,0
172.29,False,6,Departamento,8,0
656.65,True,8,Casa,18,2
284.29,False,18,Casa,11,0
286.01,True,10,Departamento,20,1
922.97,False,24,Pequeño Comercio,20,2
294.63,False,15,Departamento,17,0
582.39,True,14,Casa,19,2
254.11,False,9,Departamento,10,0
345.2,False,15,Departamento,21,0
204.65,False,9,Casa,12,0
370.8,True,10,Departamento,21,2
640.2,False,13,Departamento,18,2
570.41,False,11,Casa,14,2
608.45,False,20,Pequeño Comercio,16,1
710.65,True,23,Casa,22,1
1031.06,True,20,Casa,17,2
243.98,False,15,Departamento,20,0
983.49,True,19,Casa,20,2
178.29,False,8,Pequeño Comercio,23,1
1132.92,True,27,Departamento,20,2
474.72,True,14,Casa,19,1
938.58,True,18,Casa,22,2
948.5,False,17,Departamento,11,2
574.95,True,11,Casa,16,2
316.32,False,13,Casa,8,0
213.96,True,7,Departamento,17,1
298.22,True,13,Casa,23,1
197.21,False,7,Departamento,19,1
436.23,False,20,Departamento,14,0
176.79,True,13,Departamento,19,0
1271.3,True,18,Casa,19,2
229.41,False,9,Departamento,6,0
568.7,True,22,Casa,18,0
502.93,True,17,Departamento,15,1
323.94,False,11,Casa,14,1
298.08,False,13,Casa,14,0
482.86,False,26,Pequeño Comercio,19,0
310.56,False,15,Departamento,21,0
522.03,True,9,Departamento,18,2
172.02,True,6,Departamento,18,1
242.6,False,12,Pequeño Comercio,10,0
136.98,False,9,Departamento,14,0
213.27,True,6,Departamento,17,1
711.15,True,17,Casa,16,1
584.95,True,8,Casa,17,2
837.45,False,23,Casa,14,1
182.16,False,5,Casa,13,1
781.94,True,18,Casa,20,2
450.38,False,14,Casa,15,1
1076.73,True,14,Casa,19,2
799.3,True,12,Departamento,16,2
642.03,True,20,Casa,16,1
487.76,True,7,Departamento,17,2
385.83,False,17,Departamento,15,0
203.13,False,16,Departamento,13,0
132.39,False,5,Casa,3,0
856.0,True,23,Departamento,22,2
118.95,False,7,Departamento,9,0
188.44,True,12,Casa,23,0
276.47,True,11,Departamento,22,1
892.63,True,13,Casa,19,2
1192.32,True,14,Casa,18,2
354.47,False,9,Casa,10,1
426.54,True,17,Casa,21,1
346.09,True,7,Departamento,17,2
764.9,True,16,Casa,17,2
534.4,True,19,Pequeño Comercio,19,1
164.93,True,6,Departamento,20,1
198.6,True,8,Casa,22,1
143.45,False,12,Departamento,12,0
495.06,False,16,Departamento,12,1
252.72,False,14,Departamento,17,0
190.05,False,11,Casa,18,0
401.76,True,9,Departamento,17,2
1239.19,True,30,Casa,21,2
565.77,False,14,Casa,10,1
194.35,True,15,Casa,19,0
707.71,False,20,Casa,17,1
149.1,False,9,Departamento,10,0
807.99,False,15,Casa,6,2
262.0,False,11,Departamento,12,0
729.15,True,26,Pequeño Comercio,17,1
357.42,True,11,Departamento,20,1
290.58,False,11,Casa,18,1
303.86,True,6,Departamento,15,2
519.58,True,17,Casa,18,1
927.87,True,10,Casa,17,2
270.23,True,10,Departamento,17,1
204.27,False,14,Casa,8,0
313.15,True,12,Casa,22,1
177.4,True,8,Casa,21,0
515.18,False,17,Casa,15,1
452.81,True,12,Departamento,22,2
190.91,True,12,Departamento,19,0
501.15,True,14,Departamento,18,1
610.24,True,14,Departamento,16,2
219.31,True,15,Casa,18,0
197.76,False,9,Departamento,11,0
189.41,True,12,Casa,18,0
554.03,True,16,Casa,17,1
612.91,False,19,Casa,17,1
273.63,True,12,Casa,17,0
329.2,False,14,Departamento,17,0
473.99,False,12,Casa,16,2
1397.81,False,12,Departamento,21,2
357.53,True,13,Casa,20,1
594.6,True,14,Casa,18,2
75.17,False,5,Pequeño Comercio,11,0
155.67,False,4,Departamento,13,1
123.36,False,10,Casa,12,0
637.51,True,19,Casa,17,1
371.89,True,6,Casa,19,2
299.4,False,14,Departamento,19,0
196.28,True,10,Departamento,21,0
190.46,False,10,Departamento,22,0
150.35,True,12,Casa,21,0
495.73,False,16,Pequeño Comercio,14,1
348.98,False,14,Departamento,9,0
1095.24,True,25,Pequeño Comercio,19,2
420.65,False,15,Casa,14,1
453.15,False,22,Casa,17,0
927.09,True,15,Departamento,20,2
314.1,False,13,Pequeño Comercio,15,0
650.67,True,12,Casa,17,2
804.13,True,9,Casa,19,2
995.22,True,18,Casa,18,2
975.62,True,13,Casa,16,2
521.06,False,17,Casa,14,1
412.23,True,11,Departamento,18,2
745.12,True,18,Casa,18,2
1114.8,True,22,Casa,21,2
656.33,True,19,Departamento,20,2
432.41,False,22,Casa,21,0
310.79,False,15,Casa,19,0
530.88,False,13,Casa,13,1
354.39,False,19,Departamento,10,0
242.18,True,8,Departamento,19,1
1553.48,True,19,Departamento,17,2
1002.74,True,15,Casa,20,2
169.06,False,9,Departamento,14,0
423.2,False,17,Casa,15,0
505.99,False,14,Departamento,13,1
610.32,True,19,Casa,17,1
114.53,True,10,Departamento,18,0
1014.69,True,15,Casa,15,2
969.91,True,17,Casa,18,2
315.5,False,11,Casa,15,1
854.4,False,18,Casa,14,2
348.56,True,21,Casa,20,0
479.54,True,8,Casa,19,2
270.73,True,7,Casa,19,2
834.32,True,14,Casa,16,2
431.17,False,17,Pequeño Comercio,8,0
143.8,False,10,Casa,12,0
363.21,True,11,Casa,19,1
989.54,False,24,Casa,12,2
173.1,True,9,Departamento,20,0
179.57,True,9,Departamento,16,0
501.17,False,12,Pequeño Comercio,6,1
363.76,True,16,Casa,19,0
820.84,True,18,Departamento,19,2
564.03,False,18,Departamento,13,1
701.75,True,28,Casa,16,0
253.66,True,8,Departamento,17,1
575.1,False,16,Casa,6,1
1378.82,True,18,Casa,17,2
390.94,False,19,Departamento,9,0
557.75,True,10,Departamento,20,2
331.12,True,15,Casa,18,0
194.7,False,10,Casa,11,0
355.16,False,13,Casa,13,0
296.77,False,12,Casa,15,0
811.41,False,16,Casa,12,2
244.66,True,9,Casa,20,1
318.77,True,14,Casa,19,0
660.33,True,13,Casa,22,2
170.6,True,7,Casa,19,0
766.21,True,18,Casa,19,2
285.77,False,14,Casa,9,0
656.55,True,15,Casa,22,2
401.9,False,16,Casa,14,0
362.09,True,7,Casa,20,2
248.57,True,12,Casa,15,0
189.64,False,7,Casa,16,1
742.21,False,20,Pequeño Comercio,10,1
500.0,True,13,Casa,21,2
259.58,True,8,Departamento,20,1
376.01,True,12,Casa,19,1
509.03,True,14,Departamento,21,2
459.74,True,14,Casa,19,1
254.75,True,5,Casa,20,2
151.21,False,6,Departamento,16,0
395.32,True,14,Departamento,15,0
327.19,False,11,Casa,6,0
354.81,True,15,Casa,22,1
660.88,True,18,Departamento,21,2
483.98,False,16,Casa,19,1
411.6,True,12,Casa,18,1
518.25,True,8,Departamento,20,2
397.24,False,8,Casa,9,2
676.84,False,14,Departamento,13,2
278.88,True,11,Casa,23,1
340.34,True,6,Departamento,18,2
1039.88,True,23,Casa,18,2
413.57,True,7,Casa,14,2
281.9,False,11,Departamento,6,0
529.1,False,19,Casa,14,1
232.76,False,14,Departamento,12,0
277.37,True,8,Departamento,14,1
686.74,False,25,Casa,11,1
549.32,False,17,Departamento,6,0
503.05,False,8,Departamento,8,2
233.69,True,18,Casa,20,0
220.58,False,8,Casa,9,0
701.39,True,9,Casa,21,2
836.76,True,16,Casa,18,2
475.9,True,9,Departamento,18,2
506.2,True,12,Departamento,20,2
801.56,True,21,Casa,20,2
512.52,False,18,Departamento,20,1
340.91,True,9,Pequeño Comercio,20,2
331.14,True,12,Departamento,15,1
334.9,False,10,Casa,10,1
543.22,True,14,Casa,22,2
841.52,False,15,Casa,7,2
564.61,False,14,Departamento,13,1
401.6,False,17,Casa,5,0
320.8,False,14,Casa,16,0
627.88,False,9,Casa,17,2
706.45,True,14,Departamento,21,2
184.8,True,6,Departamento,19,1
537.8,True,15,Casa,17,1
213.43,True,10,Departamento,20,0
193.26,False,17,Casa,11,0
386.63,True,11,Casa,20,1
489.91,True,13,Departamento,20,1
176.58,False,7,Departamento,14,0
367.59,False,13,Casa,11,0
135.47,False,8,Departamento,14,0
434.24,True,12,Casa,21,2
348.56,False,14,Casa,10,0
1087.45,False,27,Casa,19,1
210.85,False,6,Departamento,11,1
207.32,False,10,Departamento,9,0
689.25,True,7,Departamento,16,2
428.92,True,18,Pequeño Comercio,16,0
674.82,True,13,Casa,16,2
220.31,False,11,Departamento,16,0
242.33,False,13,Casa,10,0
773.05,False,20,Departamento,18,1
149.62,True,3,Casa,22,2
1255.06,True,16,Casa,19,2
369.98,False,15,Casa,18,0
678.81,False,16,Casa,15,1
142.06,True,5,Casa,20,1
439.34,True,15,Casa,21,1
333.13,False,12,Casa,11,1
362.16,False,15,Casa,15,0
369.26,False,11,Casa,11,1
318.46,True,12,Departamento,17,0
404.46,True,19,Departamento,15,0
882.79,False,17,Casa,18,2
615.32,True,17,Casa,23,2
461.78,False,15,Casa,6,0
421.07,False,13,Casa,15,1
781.98,True,16,Departamento,18,2
419.45,False,22,Casa,6,0
681.63,False,11,Casa,8,2
178.42,True,17,Pequeño Comercio,19,0
335.11,True,11,Departamento,18,1
523.81,True,12,Casa,19,2
1019.3,True,15,Departamento,19,2
240.42,False,9,Departamento,14,1
463.74,False,9,Casa,8,2
329.7,True,11,Departamento,20,1
233.13,False,9,Casa,10,0
219.12,True,7,Casa,19,1
357.81,False,17,Casa,19,0
233.53,True,6,Departamento,15,1
194.63,True,7,Departamento,21,1
463.63,True,19,Casa,19,1
458.71,True,15,Departamento,17,1
828.34,False,10,Departamento,10,2
349.65,True,14,Casa,16,1
171.25,False,6,Departamento,14,1
999.41,False,28,Casa,13,1
223.12,True,9,Casa,17,1
805.47,False,21,Casa,14,1
1243.47,True,19,Casa,18,2
441.24,False,15,Departamento,13,1
421.97,True,11,Departamento,18,2
261.61,False,13,Casa,22,0
209.68,True,12,Pequeño Comercio,19,0
621.36,False,22,Casa,12,1
334.05,False,6,Departamento,5,1
708.69,False,14,Pequeño Comercio,11,2
498.8,True,13,Departamento,18,2
195.82,False,5,Departamento,14,1
604.64,True,7,Casa,19,2
304.86,True,13,Casa,16,1
606.0,False,14,Casa,13,2
287.76,False,13,Pequeño Comercio,14,0
250.92,True,7,Casa,20,1
149.8,False,22,Casa,10,0
259.11,False,10,Casa,7,0
523.33,False,9,Departamento,8,2
257.02,False,17,Departamento,9,0
1411.58,True,24,Casa,14,2
471.7,False,13,Departamento,12,1
628.91,True,16,Departamento,17,1
255.96,False,11,Departamento,7,0
388.05,False,8,Departamento,11,2
180.57,False,7,Casa,18,0
712.39,True,10,Departamento,21,2
207.5,True,11,Departamento,18,0
144.75,False,17,Casa,17,0
587.68,True,15,Departamento,18,2
309.8,True,13,Casa,17,1
395.08,True,21,Casa,18,0
253.54,True,8,Casa,13,1
567.12,True,17,Pequeño Comercio,18,1
1315.23,True,15,Casa,19,2
361.76,False,10,Departamento,10,1
280.11,False,8,Departamento,14,1
661.75,True,16,Casa,20,2
144.88,True,9,Departamento,17,0
683.62,True,13,Departamento,22,2
856.9,False,16,Departamento,11,2
499.96,True,11,Casa,13,2
272.72,True,19,Casa,19,0
400.59,True,8,Casa,18,2
666.82,True,16,Casa,18,2
495.99,False,11,Departamento,9,1
347.56,True,12,Casa,20,1
338.53,True,11,Departamento,18,1
520.16,True,19,Casa,19,1
232.22,False,9,Casa,11,0
600.3,True,12,Casa,16,2
906.26,True,19,Casa,16,2
627.73,True,9,Departamento,20,2
419.24,False,19,Casa,13,0
243.59,True,11,Casa,20,1
840.74,True,17,Casa,20,2
240.62,True,10,Departamento,16,0
396.08,False,10,Casa,11,1
285.77,False,8,Departamento,9,0
316.21,True,8,Casa,22,2
1074.82,False,18,Pequeño Comercio,19,2
195.11,False,10,Casa,15,0
1195.42,False,13,Casa,11,2
392.98,False,17,Departamento,16,0
268.55,False,8,Departamento,21,1
318.46,False,8,Departamento,16,1
196.88,False,8,Departamento,11,0
392.26,False,24,Departamento,13,0
434.93,False,14,Casa,10,0
909.8,False,18,Departamento,18,2
334.82,True,16,Casa,20,0
1410.52,True,20,Casa,18,2
1187.35,True,15,Departamento,18,2
1255.67,True,31,Casa,19,2
855.09,False,24,Casa,13,1
638.46,False,14,Casa,9,1
241.07,True,13,Casa,20,0
303.51,False,16,Casa,15,0
280.52,False,17,Departamento,17,0
411.41,True,13,Departamento,17,1
249.05,False,7,Departamento,9,1
563.33,True,10,Pequeño Comercio,17,2
209.73,True,12,Casa,23,0
753.03,True,12,Departamento,17,2
148.7,False,7,Departamento,8,0
177.01,False,13,Departamento,14,0
298.48,True,9,Casa,18,1
311.89,False,9,Casa,13,1
723.06,True,13,Departamento,20,2
319.65,False,7,Casa,6,1
344.55,False,13,Departamento,18,1
446.71,False,15,Casa,16,1
233.03,True,10,Pequeño Comercio,18,0
480.77,True,13,Casa,17,1
332.02,True,11,Departamento,19,1
247.65,False,7,Casa,19,1
1026.66,True,17,Departamento,16,2
165.12,True,5,Departamento,17,1
568.33,True,21,Casa,18,1
322.63,True,8,Casa,18,2
468.21,False,19,Casa,14,0
282.23,False,9,Casa,10,1
993.73,True,11,Casa,16,2
449.14,False,10,Departamento,12,2
117.9,True,6,Departamento,18,0
381.19,True,11,Casa,19,1
1306.0,False,20,Departamento,16,2
269.65,True,11,Pequeño Comercio,18,1
214.86,True,7,Casa,15,1
588.32,True,10,Departamento,18,2
245.98,True,9,Casa,18,1
1106.87,False,19,Casa,2,1
222.62,False,7,Casa,13,1
275.17,True,18,Casa,18,0
672.81,False,9,Departamento,16,2
536.77,False,19,Departamento,16,1
1508.25,True,14,Departamento,22,2
773.58,False,16,Departamento,18,2
504.49,False,13,Departamento,17,1
380.84,False,12,Departamento,11,0
452.27,False,14,Casa,13,1
326.35,True,7,Casa,18,2
1043.27,True,13,Departamento,17,2
586.94,False,11,Casa,11,2
366.22,True,19,Casa,17,0
768.17,True,14,Departamento,19,2
265.0,False,9,Departamento,16,1
246.88,False,13,Departamento,16,0
306.4,False,7,Departamento,16,2
565.98,False,9,Departamento,16,2
298.23,False,8,Departamento,12,1
338.46,False,13,Casa,16,1
197.88,False,16,Casa,11,0
489.9,False,22,Departamento,11,0
283.34,True,10,Casa,19,1
81.75,True,8,Departamento,23,0
241.96,True,11,Departamento,21,1
558.34,False,17,Casa,7,0
299.14,False,10,Departamento,18,1
685.46,False,16,Casa,15,2
301.2,True,9,Departamento,20,1
309.97,False,7,Pequeño Comercio,17,2
320.62,False,14,Casa,13,0
597.94,False,19,Pequeño Comercio,20,1
906.47,False,13,Casa,13,2
598.43,True,11,Departamento,15,2
579.58,True,14,Departamento,19,2
400.76,False,13,Casa,7,0
480.92,False,15,Pequeño Comercio,15,1
989.89,False,17,Casa,18,2
410.12,False,9,Departamento,8,2
227.55,True,9,Casa,18,0
382.83,True,15,Departamento,16,1
450.93,True,21,Departamento,17,0
391.35,True,9,Departamento,21,2
650.19,True,14,Departamento,18,2
325.82,False,14,Departamento,8,0
178.72,False,7,Pequeño Comercio,18,1
1086.91,True,15,Departamento,15,2
350.71,False,10,Casa,14,1
536.66,True,15,Casa,18,1
700.96,False,23,Casa,11,1
371.19,False,9,Departamento,19,2
660.55,False,13,Casa,19,2
302.14,False,12,Departamento,19,0
202.2,False,10,Casa,11,0
194.55,False,15,Departamento,19,0
551.2,True,19,Departamento,21,1
404.13,False,13,Casa,8,1
575.79,False,21,Casa,15,1
330.6,False,20,Casa,12,0
656.97,True,19,Departamento,19,1
326.13,False,13,Departamento,15,1
523.62,True,10,Departamento,19,2
292.78,False,11,Casa,10,0
301.49,False,9,Casa,5,0
552.58,True,22,Casa,19,1
396.64,False,16,Departamento,20,1
476.03,True,7,Departamento,17,2
466.89,True,9,Casa,20,2
591.31,True,19,Casa,23,1
628.96,True,16,Departamento,18,2
467.75,False,18,Casa,14,0
480.95,True,22,Casa,18,0
354.19,False,10,Casa,17,1
81.13,False,5,Departamento,12,0
1206.64,True,14,Departamento,23,2
281.66,True,16,Casa,19,0
513.71,True,13,Departamento,23,2
355.59,False,8,Departamento,16,2
358.3,True,9,Casa,23,2
270.5,True,10,Casa,19,1
509.1,False,10,Departamento,9,1
142.8,True,7,Departamento,21,0
240.5,True,9,Departamento,18,1
184.79,False,6,Departamento,15,1
979.51,True,18,Casa,19,2
138.35,True,7,Departamento,17,0
613.95,False,9,Casa,18,2
662.48,True,13,Departamento,17,2
195.77,False,12,Departamento,20,0
316.06,False,9,Casa,10,1
458.49,True,20,Casa,15,0
726.47,False,10,Casa,12,2
311.15,True,12,Casa,18,1
357.8,False,11,Departamento,6,0
518.86,False,10,Casa,13,2
748.45,True,15,Departamento,20,2
719.78,True,11,Casa,20,2
301.35,True,17,Casa,20,0
559.35,True,14,Departamento,16,1
798.43,True,20,Casa,15,1
413.12,False,20,Casa,8,0
139.61,True,4,Departamento,19,1
153.05,True,11,Departamento,19,0
921.09,True,24,Casa,20,2
424.09,True,11,Departamento,19,2
785.87,True,21,Departamento,18,1
412.66,True,11,Departamento,17,1
364.14,True,14,Casa,20,1
253.71,True,18,Casa,15,0
603.61,False,22,Casa,11,0
721.85,True,15,Departamento,20,2
273.06,True,11,Departamento,16,0
248.42,False,7,Pequeño Comercio,14,1
562.31,True,13,Casa,20,2
1013.0,False,17,Casa,13,2
865.91,False,20,Casa,13,2
603.92,False,35,Departamento,23,0
142.07,False,8,Departamento,16,0
447.08,True,12,Departamento,21,2
411.77,True,21,Casa,17,0
442.07,True,13,Departamento,18,1
363.15,True,14,Casa,18,1
610.63,True,15,Casa,21,2
160.69,False,10,Casa,17,0
542.59,True,12,Casa,18,2
588.47,True,17,Casa,17,1
222.08,False,12,Casa,4,0
788.94,True,15,Departamento,17,2
1344.38,False,15,Departamento,19,2
1227.16,False,17,Departamento,11,2
944.62,True,12,Casa,18,2
135.54,False,9,Departamento,12,0
302.77,False,10,Departamento,9,0
470.42,True,9,Departamento,19,2
308.21,True,10,Casa,17,1
1691.81,True,22,Casa,19,2
186.43,False,9,Casa,16,0
631.3,False,14,Casa,7,1
302.0,False,9,Departamento,11,1
292.86,False,9,Casa,13,1
415.74,True,26,Casa,19,0
808.94,False,21,Casa,18,2
818.52,False,17,Casa,17,2
309.71,True,11,Departamento,19,1
307.09,True,8,Casa,16,1
265.41,True,15,Casa,18,0
384.14,True,12,Departamento,22,1
234.23,True,7,Casa,17,1
199.6,True,13,Departamento,22,0
705.99,False,15,Casa,8,1
1394.31,True,11,Casa,15,2
448.14,True,13,Casa,19,1
207.3,True,8,Casa,21,1
222.84,False,6,Departamento,14,1
641.44,False,26,Pequeño Comercio,16,0
176.13,False,11,Departamento,15,0
174.51,False,8,Departamento,14,0
215.55,True,8,Departamento,23,1
340.39,True,14,Casa,19,1
184.99,False,11,Departamento,9,0
359.6,True,11,Departamento,18,1
894.69,True,14,Departamento,17,2
170.86,True,6,Casa,18,1
267.54,True,12,Departamento,19,0
394.48,True,11,Casa,21,2
556.78,True,14,Casa,20,2
217.41,False,12,Departamento,15,0
641.89,False,17,Casa,8,1
383.06,True,14,Casa,14,0
186.28,True,4,Departamento,22,2
148.62,False,13,Departamento,10,0
201.94,False,13,Casa,18,0
92.34,False,7,Casa,23,0
364.52,False,9,Casa,18,2
318.44,True,12,Departamento,17,1
487.43,False,20,Casa,14,0
417.36,False,9,Casa,12,2
232.18,False,12,Casa,11,0
744.98,True,15,Departamento,17,2
239.06,False,12,Casa,15,0
220.06,False,8,Departamento,11,1
384.03,True,15,Departamento,16,0
643.48,True,21,Casa,17,1
232.06,True,6,Casa,17,2
139.94,True,10,Casa,17,0
1140.48,False,18,Departamento,12,2
809.97,False,20,Casa,18,2
345.98,False,16,Departamento,17,0
329.65,False,8,Departamento,17,2
253.74,False,9,Casa,18,1
552.07,False,11,Casa,12,2
450.46,False,14,Casa,13,1
871.88,True,14,Casa,19,2
297.53,True,13,Departamento,18,0
1489.49,False,19,Casa,17,2
1330.99,False,22,Casa,11,2
321.85,False,7,Casa,15,2
131.04,False,9,Casa,8,0
966.88,True,17,Casa,17,2
454.98,False,16,Casa,11,0
186.86,False,11,Departamento,15,0
397.91,False,12,Casa,17,1
764.01,False,15,Casa,12,2
701.4,True,21,Casa,13,1
346.53,False,10,Departamento,10,1
271.49,False,13,Casa,15,0
963.35,True,14,Casa,17,2
249.13,False,18,Casa,16,0
516.88,False,6,Departamento,11,2
326.74,False,9,Departamento,12,1
630.37,False,10,Casa,16,2
1608.3,True,31,Departamento,21,2
280.93,False,13,Casa,15,0
220.19,True,23,Casa,22,0
586.41,True,14,Casa,21,2
1103.82,False,20,Casa,8,2
233.49,False,15,Departamento,14,0
1012.97,True,16,Casa,21,2
428.71,False,11,Casa,13,1
504.39,False,13,Departamento,15,1
246.06,False,9,Departamento,10,1
312.23,False,14,Departamento,3,0
478.1,False,23,Departamento,10,0
408.08,True,11,Casa,18,1
172.77,False,17,Casa,15,0
203.35,False,13,Departamento,19,0
190.3,False,6,Departamento,12,1
400.68,True,14,Departamento,23,1
267.21,True,10,Pequeño Comercio,16,1
844.62,False,23,Casa,18,1
363.72,False,12,Casa,12,0
143.07,True,15,Departamento,21,0
625.49,True,14,Casa,17,2
535.72,True,17,Casa,17,1
238.37,False,11,Departamento,13,0
170.24,False,10,Departamento,10,0
420.85,True,15,Departamento,15,1
91.04,True,7,Casa,17,0
228.63,False,11,Casa,11,0
448.22,False,9,Casa,10,2
541.57,False,13,Casa,11,1
831.88,False,26,Casa,20,1
444.93,True,10,Departamento,18,2
332.79,True,14,Departamento,16,0
457.21,False,9,Departamento,16,2
247.79,True,6,Casa,16,2
411.34,False,15,Casa,14,0
843.01,False,20,Casa,15,2
530.39,True,15,Casa,23,1
463.4,False,15,Casa,9,1
459.43,True,14,Casa,17,1
398.94,True,8,Departamento,21,2
584.7,False,17,Casa,20,1
437.04,True,10,Departamento,17,2
368.54,False,23,Casa,14,0
288.64,True,7,Casa,18,2
247.87,False,12,Casa,12,0
164.71,False,6,Departamento,12,0
193.78,False,9,Casa,16,0
388.1,False,7,Departamento,18,2
130.35,False,5,Departamento,10,0
854.85,True,15,Casa,19,2
360.39,False,17,Casa,11,0
197.42,False,6,Casa,16,1
1024.29,False,14,Casa,12,2
153.87,True,8,Casa,19,0
286.77,True,16,Departamento,15,0
541.08,False,22,Casa,19,1
179.19,False,9,Casa,13,0
363.7,True,21,Pequeño Comercio,19,0
529.34,True,14,Departamento,19,2
143.93,False,11,Casa,17,0
103.38,True,10,Departamento,16,0
743.41,False,16,Casa,13,2
203.47,False,15,Casa,9,0
319.37,False,9,Departamento,11,1
401.4,False,18,Casa,21,0
605.95,True,16,Casa,16,1
268.74,True,11,Departamento,18,1
760.72,True,11,Departamento,20,2
395.35,True,9,Casa,18,2
350.89,False,12,Departamento,15,1
205.93,True,14,Pequeño Comercio,20,0
237.05,True,9,Casa,19,1
346.16,True,14,Casa,18,1
765.26,False,14,Departamento,13,2
432.16,False,23,Casa,15,0
982.5,False,18,Departamento,12,2
286.12,False,13,Departamento,19,0
432.52,True,10,Casa,19,2
648.81,True,15,Casa,22,2
654.74,False,15,Casa,10,1
634.93,False,19,Casa,20,1
1378.32,True,16,Casa,19,2
636.66,False,10,Departamento,19,2
208.74,False,15,Casa,12,0
513.43,False,13,Departamento,10,1
435.64,False,5,Casa,19,2
237.37,False,10,Casa,15,0
200.63,True,4,Casa,19,2
742.23,False,21,Casa,23,2
864.61,True,11,Casa,23,2
910.73,True,33,Casa,18,1
401.28,False,13,Casa,9,0
470.68,True,9,Departamento,16,2
682.43,True,19,Departamento,19,1
871.92,True,13,Departamento,18,2
675.66,True,18,Departamento,18,1
246.27,False,9,Departamento,14,1
352.62,True,17,Departamento,17,0
290.9,True,8,Departamento,20,1
516.67,True,14,Departamento,15,1
245.07,False,7,Departamento,19,1
476.99,True,13,Departamento,21,2
683.86,True,13,Casa,18,2
257.46,False,9,Casa,10,0
121.14,False,9,Departamento,16,0
472.02,True,21,Casa,18,0
573.82,False,13,Casa,17,2
591.0,False,20,Casa,11,1
349.18,True,11,Departamento,20,1
313.85,True,12,Casa,20,1
608.9,True,9,Departamento,19,2
310.18,False,7,Departamento,8,1
395.36,True,15,Casa,20,1
139.91,True,9,Casa,20,0
392.65,True,16,Departamento,19,1
737.0,False,11,Departamento,11,2
292.2,True,11,Departamento,18,1
196.24,False,14,Departamento,6,0
375.49,True,11,Departamento,18,1
169.8,True,16,Casa,18,0
943.48,True,24,Casa,20,2
750.6,True,16,Casa,22,2
386.14,True,14,Casa,22,1
288.35,True,8,Casa,23,2
505.87,False,10,Casa,18,2
1670.27,True,19,Casa,16,2
1211.36,True,11,Casa,19,2
1174.5,False,17,Casa,10,2
525.59,True,23,Casa,20,0
239.24,True,5,Departamento,17,2
398.75,False,13,Casa,17,1
770.37,False,19,Casa,19,2
468.79,True,15,Pequeño Comercio,18,1
261.05,False,12,Casa,10,0
916.96,False,19,Casa,14,2
215.77,True,13,Departamento,18,0
80.97,True,12,Departamento,18,0
323.32,False,12,Casa,23,1
395.57,True,10,Casa,17,1
311.3,False,16,Pequeño Comercio,12,0
154.29,False,6,Casa,16,1
219.21,False,11,Departamento,22,0
378.52,False,9,Departamento,16,2
566.75,True,22,Casa,20,1
790.08,True,14,Casa,20,2
392.95,False,9,Departamento,15,2
313.78,False,13,Departamento,17,0
365.32,False,14,Departamento,18,0
690.6,False,23,Casa,10,1
598.37,True,15,Casa,18,2
658.23,True,23,Casa,16,1
455.84,True,15,Pequeño Comercio,18,1
180.28,True,4,Departamento,19,2
259.51,True,9,Departamento,18,1
399.68,False,15,Pequeño Comercio,13,0
302.98,False,8,Departamento,14,1
175.58,False,9,Departamento,17,0
451.09,False,11,Departamento,15,2
682.12,False,16,Casa,11,1
481.42,False,18,Casa,16,0
176.74,False,6,Casa,10,0
588.5,True,22,Casa,18,1
520.27,False,11,Casa,14,2
1233.39,True,15,Departamento,21,2
659.36,False,20,Departamento,22,1
614.2,True,9,Casa,19,2
455.46,False,14,Casa,9,1
380.41,False,13,Departamento,10,1
1123.19,False,26,Casa,17,2
240.64,False,13,Departamento,8,0
1006.21,False,19,Casa,14,2
494.94,True,16,Departamento,16,1
437.7,False,12,Departamento,8,1
889.48,False,25,Casa,9,1
558.76,False,16,Pequeño Comercio,15,1
775.09,True,15,Casa,19,2
952.23,True,23,Casa,17,2
286.75,False,13,Casa,9,0
286.41,True,10,Casa,17,1
812.66,False,18,Casa,11,1
244.91,True,16,Departamento,15,0
388.46,True,12,Departamento,15,1
455.26,False,12,Casa,20,2
958.29,True,11,Casa,17,2
135.17,True,10,Departamento,17,0
165.16,False,5,Departamento,18,1
357.78,True,8,Casa,23,2
283.61,True,15,Casa,17,0
933.47,True,17,Casa,21,2
599.93,False,13,Casa,16,2
708.22,False,14,Departamento,14,2
491.86,True,19,Casa,16,0
258.29,True,7,Departamento,17,1
563.13,True,20,Departamento,17,1
179.66,False,11,Casa,15,0
671.06,True,16,Departamento,17,2
515.39,True,14,Departamento,21,2
296.02,False,9,Casa,12,1
779.93,True,15,Casa,21,2
138.93,True,6,Departamento,17,0
736.27,True,30,Casa,20,1
168.49,False,10,Departamento,18,0
435.13,False,11,Casa,10,1
1057.15,True,21,Casa,19,2
852.08,True,18,Departamento,15,2
263.94,False,12,Departamento,15,0
398.23,True,13,Casa,19,1
585.1,False,17,Casa,9,1
676.06,True,17,Casa,15,1
529.79,True,12,Departamento,17,2
328.37,True,9,Departamento,15,1
175.81,True,8,Departamento,17,0
606.43,False,16,Departamento,14,1
366.57,True,10,Departamento,16,1
324.5,True,13,Departamento,19,0
514.64,False,23,Departamento,10,0
402.72,True,13,Departamento,20,1
191.29,True,10,Departamento,16,0
785.32,False,20,Casa,18,2
442.12,True,16,Casa,19,1
468.87,False,13,Casa,23,2
175.39,True,11,Casa,17,0
208.48,False,10,Casa,11,0
253.15,True,8,Departamento,15,1
178.25,False,11,Casa,9,0
511.32,False,10,Casa,22,2
470.14,True,15,Departamento,19,1
615.76,True,14,Casa,16,2
341.24,False,11,Casa,16,1
174.54,True,15,Departamento,20,0
377.73,False,5,Departamento,14,2
189.7,False,9,Departamento,18,0
257.07,True,13,Pequeño Comercio,21,0
210.43,True,13,Casa,20,0
648.98,True,17,Casa,22,2
250.84,False,9,Departamento,11,0
223.86,True,9,Departamento,18,1
375.44,True,13,Departamento,19,1
150.8,True,8,Casa,19,0
733.35,True,10,Departamento,19,2
282.22,False,10,Departamento,14,1
326.79,True,9,Casa,17,1
467.59,True,13,Departamento,20,2
610.16,False,8,Departamento,17,2
851.07,True,16,Departamento,17,2
223.76,True,6,Departamento,18,1
942.66,True,20,Casa,16,2
165.82,True,4,Departamento,19,2
452.59,True,8,Departamento,17,2
800.08,False,18,Departamento,23,2
103.05,False,8,Departamento,19,0
592.27,False,14,Departamento,17,2
759.24,False,19,Casa,6,1
350.8,True,11,Departamento,21,1
435.11,True,10,Casa,16,2
353.99,False,5,Casa,15,2
344.21,True,14,Casa,19,0
801.36,False,18,Casa,18,2
448.11,True,15,Casa,19,1
190.95,False,5,Casa,15,1
636.78,True,26,Pequeño Comercio,20,0
560.57,False,13,Casa,9,1
329.91,True,7,Departamento,14,2
495.38,True,22,Casa,20,0
69.08,False,4,Casa,17,0
140.45,True,9,Casa,18,0
363.39,False,12,Casa,12,1
653.29,True,15,Casa,17,2
404.17,False,12,Casa,8,1
1165.06,False,10,Casa,13,2
285.39,True,9,Casa,20,1
694.87,True,13,Casa,18,2
458.62,False,19,Casa,8,0
865.48,True,19,Casa,20,2
516.26,True,14,Casa,20,1
246.8,False,13,Casa,16,0
151.5,False,7,Departamento,16,0
235.77,False,13,Casa,17,0
709.03,True,16,Casa,17,2
762.92,False,19,Casa,11,1
605.45,True,14,Departamento,19,2
515.5,True,15,Casa,17,1
514.43,False,11,Departamento,10,2
149.97,False,7,Departamento,7,0
769.89,True,21,Casa,18,1
236.98,False,10,Casa,17,0
399.47,True,13,Casa,17,1
499.11,True,16,Casa,21,1
205.32,True,10,Departamento,18,0
642.79,True,14,Casa,16,2
730.88,False,20,Casa,6,1
584.25,True,13,Casa,17,2
972.77,True,22,Casa,17,2
378.91,True,14,Pequeño Comercio,21,1
206.55,True,11,Casa,15,0
280.55,False,11,Casa,18,1
497.1,True,16,Departamento,18,1
685.15,False,12,Casa,14,2
217.6,False,13,Departamento,12,0
429.66,False,13,Casa,17,1
473.03,False,12,Casa,16,2
320.23,True,13,Departamento,20,1
508.14,False,11,Departamento,5,1
479.18,True,12,Pequeño Comercio,22,2
526.39,True,10,Casa,15,2
264.04,False,12,Casa,23,0
213.4,False,10,Departamento,17,0
913.64,True,23,Casa,19,2
382.44,False,7,Casa,9,2
141.28,False,6,Departamento,13,0
879.66,False,15,Casa,11,2
554.98,False,34,Casa,18,0
143.87,True,15,Casa,17,0
205.63,False,12,Casa,12,0
542.43,True,17,Casa,17,1
611.68,True,19,Departamento,15,1
807.83,False,13,Casa,9,2
362.26,True,10,Casa,20,2
863.86,True,10,Departamento,18,2
973.23,True,17,Casa,17,2
202.96,True,12,Departamento,18,0
571.2,True,24,Casa,21,1
205.81,False,13,Pequeño Comercio,9,0
179.31,False,11,Departamento,9,0
1237.0,True,19,Casa,20,2
920.64,True,15,Departamento,19,2
485.6,False,13,Casa,17,1
311.73,False,11,Casa,13,1
417.54,True,20,Casa,18,0
176.72,False,6,Departamento,14,1
256.56,True,8,Departamento,19,1
466.71,True,14,Departamento,18,1
551.24,False,19,Casa,14,1
181.5,True,10,Departamento,15,0
197.42,True,14,Departamento,20,0
1186.05,True,26,Casa,15,2
425.06,True,17,Departamento,20,1
588.1,True,16,Casa,17,1
211.49,True,8,Departamento,17,1
629.73,True,15,Casa,16,2
241.1,False,13,Casa,13,0
281.58,False,8,Departamento,15,1
804.7,True,12,Departamento,23,2
407.56,True,16,Casa,23,1
585.78,False,14,Casa,11,1
1066.63,True,17,Casa,16,2
210.18,False,11,Departamento,11,0
507.47,True,12,Pequeño Comercio,20,2
1363.79848911392,True,15,Pequeño Comercio,20,0
308.49,True,12,Departamento,18,1
517.16,True,13,Pequeño Comercio,18,2
262.92,True,10,Casa,20,1
544.13,True,9,Casa,17,2
535.84,False,10,Casa,18,2
486.84,True,10,Casa,16,2
929.57,True,18,Casa,21,2
321.67,True,6,Departamento,20,2
239.93,False,12,Casa,16,0
426.98,True,11,Departamento,20,2
592.92,False,13,Departamento,15,2
688.95,False,19,Casa,15,1
503.52,False,12,Pequeño Comercio,7,1
146.59,False,9,Casa,8,0
505.8,True,12,Casa,18,2
952.05,False,18,Casa,14,2
172.83,False,11,Departamento,12,0
297.74,False,11,Casa,16,1
148.16,True,11,Departamento,22,0
825.18,True,20,Departamento,20,2
489.52,False,19,Casa,15,0
340.17,False,7,Departamento,12,2
389.86,False,13,Departamento,11,0
392.87,True,14,Casa,17,1
188.98,True,8,Departamento,18,0
193.87,False,11,Departamento,7,0
485.41,False,10,Departamento,20,2
343.91,False,9,Departamento,7,1
619.41,False,17,Departamento,16,1
677.01,True,18,Departamento,18,1
402.68,False,10,Departamento,15,1
202.64,False,17,Departamento,14,0
454.5,True,9,Departamento,17,2
313.46,True,8,Departamento,18,2
667.91,True,19,Casa,19,1
456.96,True,10,Departamento,17,2
612.18,False,14,Pequeño Comercio,8,1
371.38,False,6,Casa,9,2
625.78,False,18,Departamento,11,1
176.19,False,9,Departamento,9,0
465.23,True,21,Casa,20,1
497.3,True,11,Casa,20,2
426.5,False,11,Departamento,17,1
247.24,True,18,Casa,17,0
357.14,True,11,Casa,15,1
308.11,False,11,Casa,18,1
215.44,True,10,Departamento,19,0
182.66,False,9,Departamento,14,0
905.15,False,20,Casa,13,2
826.96,False,14,Casa,20,2
384.47,False,15,Casa,9,0
652.28,False,13,Departamento,13,2
200.63,False,10,Departamento,10,0
543.4,True,13,Departamento,17,2
293.58,False,11,Departamento,13,0
223.41,False,9,Departamento,21,1
195.46,False,10,Departamento,13,0
755.39,True,14,Departamento,21,2
669.52,False,11,Departamento,15,2
171.26,True,6,Departamento,16,1
1048.3,False,15,Departamento,9,2
439.54,True,8,Casa,20,2
283.26,True,8,Casa,21,1
251.42,False,9,Pequeño Comercio,17,1
634.27,True,14,Casa,16,2
524.28,True,15,Departamento,19,1
362.21,True,12,Casa,19,1
527.99,False,20,Casa,19,1
502.67,True,20,Casa,17,0
216.29,True,15,Casa,20,0
470.84,False,13,Departamento,16,1
445.79,False,11,Casa,23,2
398.43,True,19,Casa,17,0
110.06,False,9,Departamento,8,0
150.07,True,5,Casa,22,1
397.87,False,15,Departamento,13,1
605.25,True,17,Departamento,16,1
189.87,False,8,Casa,17,0
189.59,True,6,Casa,16,1
246.94,True,20,Casa,20,0
200.91,True,8,Casa,20,0
729.61,True,28,Casa,17,1
386.42,False,10,Casa,19,2
399.56,True,12,Casa,16,1
439.76,True,8,Casa,20,2
98.39,True,8,Casa,18,0
168.09,False,10,Departamento,8,0
446.3,True,9,Departamento,20,2
340.07,True,8,Casa,17,2
280.39,True,5,Casa,20,2
552.88,True,21,Departamento,19,1
199.94,False,11,Departamento,21,0
617.1,False,8,Pequeño Comercio,12,2
147.97,False,11,Departamento,12,0
886.97,False,19,Casa,14,2
388.26,False,9,Casa,17,2
507.38,False,14,Pequeño Comercio,18,1
157.56,False,7,Casa,12,0
224.75,True,19,Departamento,21,0
217.26,True,9,Departamento,17,0
247.07,True,9,Casa,19,1
557.45,True,13,Pequeño Comercio,23,2
122.02,False,9,Departamento,14,0
932.06,False,19,Casa,17,2
326.81,True,10,Casa,20,1
360.41,True,11,Departamento,21,1
360.09,True,14,Departamento,20,1
437.5,False,13,Departamento,15,1
662.68,True,12,Casa,15,2
179.17,True,7,Departamento,19,0
363.41,False,11,Casa,11,0
382.62,True,18,Departamento,17,0
156.22,False,7,Departamento,17,0
380.74,True,12,Casa,20,1
531.24,True,17,Departamento,21,1
127.34,False,10,Departamento,6,0
279.22,True,10,Departamento,19,1
1060.09,True,20,Casa,22,2
542.14,True,10,Departamento,22,2
448.96,False,11,Casa,12,1
347.97,True,13,Casa,21,1
1234.69,True,33,Casa,18,1
557.41,False,20,Casa,16,1
680.69,True,18,Casa,18,1
216.57,False,6,Pequeño Comercio,20,1
605.68,True,19,Casa,20,1
301.68,False,9,Departamento,11,1
314.93,False,18,Departamento,18,0
299.89,False,25,Casa,15,0
405.49,False,23,Casa,7,0
409.44,True,25,Casa,19,0
618.6,True,17,Departamento,18,1
269.99,False,8,Departamento,10,1
598.9,True,8,Casa,17,2
632.22,False,15,Casa,16,2
587.34,True,8,Departamento,19,2
400.23,True,10,Departamento,14,1
240.18,True,10,Departamento,20,1
301.58,False,15,Casa,17,0
248.89,True,9,Casa,19,1
229.13,True,7,Departamento,15,1
356.32,True,11,Departamento,17,1
463.11,False,16,Departamento,11,1
447.46,True,13,Departamento,19,1
830.58,True,18,Pequeño Comercio,17,2
197.39,False,11,Casa,16,0
300.52,True,8,Casa,20,2
573.16,False,13,Casa,18,2
231.11,True,16,Casa,18,0
271.46,False,16,Casa,14,0
291.3,False,11,Departamento,15,1
204.66,True,13,Casa,20,0
601.26,True,10,Departamento,19,2
672.58,False,15,Casa,16,2
492.71,False,20,Pequeño Comercio,19,1
493.53,True,10,Casa,17,2
251.02,True,12,Departamento,18,0
394.55,False,10,Departamento,8,1
820.24,False,31,Casa,15,1
168.53,True,8,Pequeño Comercio,21,0
443.0,False,14,Casa,8,0
207.29,True,5,Departamento,17,2
492.69,False,10,Pequeño Comercio,11,2
264.07,True,15,Departamento,23,0
233.88,False,8,Departamento,17,1
570.55,True,14,Departamento,20,2
312.71,True,11,Casa,21,1
124.72,True,11,Departamento,19,0
294.59,True,15,Casa,16,0
320.89,False,18,Departamento,17,0
361.61,False,10,Departamento,14,1
522.49,True,12,Departamento,20,2
150.93,False,8,Casa,10,0
442.49,False,14,Departamento,6,0
317.39,True,10,Casa,21,1
855.22,True,11,Casa,15,2
832.79,True,23,Departamento,18,1
239.15,False,10,Departamento,17,0
662.77,True,13,Departamento,19,2
294.77,False,15,Casa,6,0
796.04,False,15,Casa,16,2
1095.26,True,28,Casa,16,2
663.49,False,19,Casa,22,2
602.76,True,16,Casa,18,2
256.66,False,10,Departamento,11,0
365.15,True,14,Departamento,15,0
1173.62,False,22,Casa,10,2
615.06,False,15,Casa,20,2
590.26,True,14,Casa,18,2
1236.44,True,14,Casa,18,2
828.56,True,19,Departamento,15,2
884.43,False,23,Casa,9,1
212.64,False,7,Casa,12,0
494.44,True,8,Casa,18,2
503.03,False,24,Pequeño Comercio,18,0
348.84,False,23,Casa,10,0
1101.71,False,19,Casa,7,2
809.45,True,14,Casa,17,2
195.98,True,12,Casa,17,0
711.61,True,23,Departamento,21,1
363.01,True,14,Casa,22,1
155.5,False,6,Departamento,18,1
524.92,True,25,Casa,22,0
373.13,True,13,Departamento,21,1
371.06,False,7,Casa,16,2
483.16,False,19,Casa,17,1
313.37,True,14,Casa,19,1
746.84,False,9,Departamento,8,2
545.68,True,16,Departamento,14,1
277.08,False,9,Casa,19,1
231.45,True,9,Departamento,22,1
512.52,False,21,Casa,14,0
302.76,False,10,Casa,13,1
595.07,True,16,Casa,18,2
453.89,True,7,Casa,19,2
249.13,True,7,Departamento,19,1
296.81,False,7,Departamento,15,2
528.69,True,22,Casa,18,0
394.88,False,11,Casa,12,1
388.62,True,15,Departamento,20,1
336.04,True,16,Casa,14,0
359.81,False,8,Casa,12,2
200.95,True,15,Casa,18,0
953.7,False,15,Casa,10,2
304.43,False,8,Departamento,7,1
174.28,False,8,Departamento,21,0
309.66,True,17,Pequeño Comercio,18,0
165.32,True,12,Departamento,18,0
304.98,True,14,Casa,18,0
330.89,False,12,Casa,12,0
467.32,False,11,Departamento,18,2
388.91,True,5,Casa,15,2
164.51,False,9,Casa,14,0
222.84,False,13,Departamento,15,0
658.65,True,16,Casa,16,2
1096.39,True,22,Casa,18,2
407.49,True,14,Casa,19,1
528.34,False,9,Departamento,12,2
388.34,True,20,Casa,18,0
198.91,False,8,Departamento,15,0
191.71,False,13,Casa,17,0
318.89,False,10,Pequeño Comercio,14,1
286.11,False,13,Casa,18,0
267.21,True,5,Casa,18,2
1091.29,False,18,Departamento,7,2
1245.36,True,18,Casa,21,2
668.37,False,17,Casa,14,1
434.47,False,18,Casa,12,0
480.45,False,13,Casa,9,1
421.2,False,13,Departamento,19,1
771.26,True,14,Departamento,22,2
561.55,True,17,Departamento,19,1
500.54,True,8,Casa,20,2
378.44,False,10,Departamento,20,2
342.19,False,14,Casa,18,1
338.0,True,13,Casa,18,1
442.83,False,19,Departamento,17,0
269.67,False,8,Casa,14,1
769.9,False,21,Departamento,21,2
179.01,True,8,Departamento,18,0
136.61,False,7,Casa,14,0
284.03,True,13,Departamento,15,0
384.53,True,12,Casa,19,1
499.77,False,15,Departamento,17,1
692.45,True,21,Casa,15,1
591.08,False,24,Departamento,15,0
561.82,False,7,Casa,12,2
303.39,False,17,Casa,20,0
658.3,False,12,Casa,16,2
181.57,False,20,Departamento,20,0
945.62,True,13,Casa,19,2
393.5,False,12,Departamento,12,1
291.52,True,10,Departamento,19,1
341.29,False,12,Casa,13,1
229.13,False,9,Departamento,12,0
332.4,True,13,Casa,21,1
940.96,True,14,Casa,17,2
733.27,False,17,Casa,8,1
338.25,False,11,Casa,18,1
184.47,True,9,Casa,18,0
207.23,False,10,Departamento,13,0
318.1,False,8,Departamento,16,1
278.8,False,10,Casa,11,0
538.46,True,16,Casa,22,1
480.58,False,18,Casa,15,1
542.96,False,20,Casa,14,0
253.14,False,15,Departamento,10,0
138.18,False,8,Pequeño Comercio,12,0
138.36,True,10,Departamento,16,0
1086.15,True,26,Casa,19,2
315.96,True,8,Departamento,17,2
610.6,True,12,Pequeño Comercio,20,2
186.45,True,10,Casa,16,0
134.86,True,7,Departamento,17,0
201.51,False,15,Casa,7,0
913.58,True,20,Casa,20,2
446.49,False,11,Departamento,8,1
397.84,False,14,Departamento,17,1
136.54,True,8,Pequeño Comercio,17,0
462.97,True,16,Departamento,21,1
382.45,True,7,Departamento,20,2
766.34,True,19,Casa,19,2
421.72,True,14,Casa,19,1
230.92,False,14,Departamento,3,0
323.1,False,12,Departamento,8,0
181.45,True,13,Departamento,18,0
1445.73,False,27,Casa,11,2
481.88,True,14,Departamento,19,1
129.08,True,13,Casa,19,0
283.56,True,10,Departamento,17,1
514.23,False,18,Casa,13,0
185.33,False,11,Casa,14,0
819.06,True,12,Casa,19,2
243.41,False,8,Departamento,11,1
400.35,True,10,Casa,22,2
963.33,False,22,Casa,15,2
736.43,False,14,Departamento,17,2
805.02,False,19,Casa,20,2
612.57,True,12,Casa,21,2
658.78,False,17,Casa,8,1
612.33,True,13,Casa,18,2
492.1,True,12,Pequeño Comercio,18,2
280.97,True,17,Casa,18,0
276.9,True,14,Departamento,20,0
311.65,False,14,Casa,19,0
382.81,False,9,Casa,14,2
378.96,True,23,Casa,21,0
938.17,False,18,Casa,8,2
332.32,True,10,Casa,17,1
531.38,False,14,Departamento,16,1
986.1,False,19,Casa,18,2
1002.07,True,10,Casa,21,2
221.41,False,6,Departamento,6,1
896.93,False,16,Casa,15,2
482.07,False,18,Departamento,13,1
969.27,True,13,Casa,16,2
435.61,True,9,Casa,13,2
897.38,True,16,Departamento,17,2
1245.59,False,23,Pequeño Comercio,8,2
871.4,True,16,Casa,17,2
784.18,True,11,Casa,17,2
277.56,False,16,Casa,13,0
175.67,False,9,Departamento,10,0
202.34,True,10,Departamento,19,0
490.29,False,16,Casa,12,1
804.04,False,19,Casa,20,2
172.94,False,12,Departamento,13,0
714.41,True,18,Casa,18,1
397.39,False,12,Casa,14,1
391.56,True,10,Casa,16,1
404.88,True,11,Departamento,14,1
139.94,True,8,Casa,21,0
592.52,True,14,Casa,17,2
718.41,False,14,Casa,11,2
314.71,False,15,Departamento,7,0
637.12,False,17,Departamento,10,1
582.45,True,15,Departamento,23,2
219.26,False,13,Departamento,4,0
383.67,True,9,Casa,19,2
1044.65,True,19,Casa,16,2
344.17,False,11,Departamento,9,1
132.25,True,9,Casa,20,0
430.14,False,9,Departamento,23,2
270.46,True,14,Pequeño Comercio,17,0
243.01,True,12,Departamento,22,0
385.2,True,8,Departamento,16,2
138.96,True,7,Casa,15,0
396.5,True,15,Casa,21,1
235.85,True,19,Departamento,18,0
605.53,False,26,Casa,17,0
915.23,True,13,Departamento,16,2
247.15,True,10,Departamento,19,1
163.41,True,7,Departamento,20,1
221.08,False,8,Casa,17,1
532.97,False,8,Casa,11,2
150.02,True,8,Departamento,19,0
260.72,True,8,Casa,19,1
587.0,False,21,Casa,10,1
495.85,False,10,Casa,16,2
462.19,False,18,Departamento,8,0
440.34,False,16,Casa,13,1
303.71,False,21,Casa,14,0
863.01,True,20,Casa,19,2
942.95,True,13,Departamento,19,2
171.51,False,12,Casa,18,0
288.69,False,7,Casa,13,1
439.0,True,12,Departamento,17,1
1059.37,False,16,Departamento,11,2
240.77,True,8,Casa,17,1
905.62,True,20,Casa,18,2
693.67,True,12,Casa,19,2
285.88,True,9,Departamento,23,1
220.74,False,9,Departamento,18,1
353.84,True,11,Departamento,17,1
638.73,False,15,Casa,12,2
200.45,True,12,Departamento,19,0
285.22,True,9,Casa,20,1
222.25,False,6,Casa,12,1
329.09,True,10,Departamento,19,1
616.54,False,9,Casa,19,2
461.2,True,12,Departamento,18,2
556.83,True,16,Departamento,17,1
564.54,True,8,Casa,21,2
303.98,True,16,Casa,17,0
468.17,True,15,Departamento,16,1
344.87,True,7,Departamento,16,2
148.23,True,10,Casa,18,0
810.61,False,26,Casa,14,1
357.19,False,26,Casa,13,0
1332.92,True,19,Departamento,18,2
323.15,False,9,Departamento,16,1
496.63,False,10,Departamento,20,2
275.56,False,8,Departamento,18,1
658.2,True,13,Casa,18,2
254.66,False,7,Casa,14,1
438.04,False,13,Casa,13,1
175.18,False,7,Casa,11,0
596.7,True,14,Casa,16,2
616.46,False,14,Casa,16,2
675.6,False,10,Departamento,19,2
671.14,True,22,Pequeño Comercio,16,1
494.13,False,19,Casa,14,0
191.78,True,8,Casa,19,0
641.67,False,14,Casa,10,1
483.37,True,12,Casa,21,2
344.26,False,10,Departamento,7,1
193.53,False,6,Casa,16,1
445.17,False,20,Departamento,17,0
328.72,False,10,Departamento,8,1
296.46,True,12,Casa,19,1
873.36,False,13,Casa,10,2
243.8,True,19,Casa,18,0
350.87,True,11,Casa,17,1
293.5,False,20,Casa,11,0
489.51,False,17,Casa,8,0
331.61,False,22,Casa,9,0
1451.76,True,24,Casa,19,2
375.53,True,10,Casa,20,1
263.74,False,16,Casa,17,0
849.33,True,24,Casa,17,1
699.53,True,13,Casa,20,2
243.01,True,13,Departamento,20,0
347.43,True,9,Departamento,19,2
264.67,False,23,Casa,17,0
764.79,True,23,Departamento,20,1
275.89,True,12,Departamento,20,1
276.1,False,11,Casa,16,0
242.28,False,17,Casa,9,0
613.9,True,20,Departamento,20,1
618.3,False,9,Departamento,18,2
137.36,False,10,Casa,10,0
1053.63,True,15,Departamento,20,2
379.43,False,13,Casa,11,0
397.16,True,11,Departamento,23,2
263.58,False,12,Casa,13,0
252.9,False,10,Departamento,17,1
515.9,False,20,Casa,15,0
631.16,False,16,Casa,15,1
102.67,False,7,Departamento,12,0
335.35,False,8,Departamento,10,1
513.29,False,14,Casa,8,1
105.69,False,4,Departamento,10,0
274.92,True,11,Departamento,17,0
471.59,True,21,Casa,22,0
543.59,True,13,Casa,19,2
475.63,False,7,Departamento,14,2
198.96,True,12,Departamento,18,0
164.88,False,14,Departamento,21,0
611.53,False,11,Departamento,14,2
487.29,True,10,Departamento,21,2
621.74,False,15,Casa,17,2
132.4,True,9,Casa,17,0
363.2,True,10,Casa,20,1
505.19,True,7,Departamento,19,2
1466.57,False,26,Casa,20,2
480.23,False,11,Departamento,18,2
371.93,False,17,Casa,15,0
746.88,True,9,Casa,16,2
178.09,False,10,Departamento,10,0
811.65,True,21,Departamento,21,2
568.5,False,12,Casa,15,2
463.66,True,17,Departamento,22,1
269.06,True,12,Casa,21,1
327.78,False,12,Departamento,15,1
564.23,True,9,Casa,16,2
321.17,True,12,Casa,23,1
441.38,True,17,Casa,19,1
565.28,False,20,Casa,18,1
425.96,False,13,Casa,16,1
199.5,True,13,Casa,23,0
488.18,True,9,Casa,19,2
103.84,False,9,Casa,16,0
510.98,True,12,Casa,20,2
422.58,True,9,Departamento,14,2
452.01,True,10,Casa,19,2
275.63,False,8,Departamento,10,1
637.29,False,20,Casa,7,0
149.82,False,7,Departamento,18,0
201.57,False,7,Departamento,15,1
211.15,True,8,Casa,20,1
570.33,True,16,Casa,19,1
296.24,True,11,Departamento,15,1
632.56,True,11,Casa,21,2
941.73,True,25,Departamento,20,2
802.66,False,24,Pequeño Comercio,12,1
440.02,True,10,Casa,20,2
582.78,True,18,Departamento,20,1
392.62,False,12,Departamento,6,0
1050.33,False,20,Departamento,14,2
241.11,False,16,Casa,10,0
242.14,False,5,Pequeño Comercio,20,2
242.15,False,10,Casa,14,1
410.67,True,13,Casa,20,1
340.8,False,16,Casa,14,0
307.12,False,9,Casa,14,1
242.38,True,11,Casa,19,0
385.01,True,8,Casa,16,2
207.57,True,10,Casa,15,0
86.01,False,9,Departamento,10,0
486.04,False,19,Casa,10,0
239.34,True,7,Departamento,14,1
257.91,False,10,Casa,9,0
360.39,True,10,Pequeño Comercio,19,2
474.78,False,16,Casa,11,1
696.57,False,13,Casa,14,2
490.93,False,21,Casa,8,0
93.36,False,7,Casa,18,0
300.53,True,13,Casa,18,0
420.49,True,11,Casa,19,2
90.68,True,8,Casa,16,0
1140.95,True,21,Casa,17,2
794.03,False,16,Pequeño Comercio,5,1
479.94,True,10,Casa,18,2
479.95,True,18,Departamento,23,1
662.29,False,18,Casa,6,1
283.98,True,10,Casa,19,1
1279.34,True,18,Casa,19,2
134.85,True,10,Departamento,21,0
339.75,False,13,Casa,16,0
959.232594108031,False,6,Casa,12,0
157.11,True,10,Casa,23,0
1608.41,True,21,Casa,18,2
464.89,True,22,Casa,17,0
279.23,False,9,Casa,9,1
594.62,True,16,Casa,18,2
274.91,True,9,Departamento,18,1
716.67,True,16,Casa,16,2
215.84,False,10,Departamento,7,0
406.32,False,20,Casa,9,0
386.83,True,14,Departamento,21,1
468.6,False,10,Casa,9,2
742.59,False,21,Casa,8,1
441.65,False,13,Casa,20,1
589.6,True,14,Departamento,19,2
380.92,False,9,Departamento,15,2
542.95,True,15,Departamento,17,1
164.99,False,6,Departamento,10,0
398.19,True,13,Departamento,16,1
483.5,True,14,Departamento,17,1
285.83,False,10,Casa,17,1
413.16,False,16,Casa,3,0
197.8,False,13,Casa,16,0
558.21,False,18,Casa,13,1
200.36,False,12,Departamento,10,0
263.78,True,15,Casa,21,0
512.66,False,15,Casa,12,1
244.01,True,9,Departamento,19,1
328.6,True,11,Casa,18,1
793.78,True,14,Casa,19,2
165.76,False,8,Departamento,10,0
502.43,False,11,Casa,11,1
407.47,False,11,Casa,18,2
383.96,True,10,Departamento,20,1
237.43,False,9,Casa,10,0
329.63,False,11,Departamento,15,1
465.45,False,10,Casa,18,2
485.1,True,9,Departamento,14,2
659.1,True,19,Casa,20,1
467.25,True,17,Casa,20,1
490.41,False,15,Casa,16,1
415.18,True,11,Casa,16,2
160.91,True,8,Departamento,21,0
315.12,False,12,Casa,19,1
896.27,False,23,Departamento,10,1
229.38,True,10,Departamento,21,0
1170.1,False,25,Casa,14,2
297.5,True,7,Departamento,23,2
181.73,False,9,Casa,16,0
120.48,False,6,Pequeño Comercio,18,0
169.31,False,14,Departamento,14,0
428.97,False,11,Departamento,18,2
771.21,False,24,Casa,16,1
748.7,False,22,Casa,7,1
537.23,False,11,Casa,12,2
729.71,True,16,Casa,21,2
189.22,False,10,Departamento,13,0
445.43,False,13,Departamento,13,1
231.67,True,10,Departamento,18,1
774.02,False,13,Casa,8,2
267.69,True,15,Departamento,18,0
1246.69,True,23,Casa,19,2
235.65,False,14,Casa,21,0
231.59,True,20,Casa,21,0
604.03,False,19,Casa,17,1
329.77,False,11,Departamento,12,1
357.35,False,13,Casa,8,0
369.15,True,11,Departamento,18,1
650.51,True,19,Casa,18,1
536.48,False,16,Casa,11,1
334.77,False,11,Departamento,11,1
222.99,True,10,Departamento,15,0
454.02,True,18,Casa,18,0
411.23,True,7,Departamento,20,2
458.25,True,14,Casa,14,1
574.14,False,10,Departamento,17,2
600.29,True,16,Departamento,19,1
292.29,True,14,Casa,21,0
463.01,False,9,Casa,14,2
286.64,False,11,Departamento,4,0
410.12,False,8,Casa,19,2
109.11,True,6,Departamento,18,0
438.5,False,12,Departamento,11,1
719.47,True,25,Casa,16,1
684.9,False,21,Casa,11,1
300.41,True,11,Departamento,15,1
1172.69,False,16,Casa,23,2
309.31,False,7,Casa,11,1
191.68,True,7,Casa,20,1
1275.92,True,15,Casa,19,2
283.21,True,6,Departamento,18,2
334.48,True,11,Departamento,19,1
707.46,True,20,Casa,20,2
297.36,False,10,Pequeño Comercio,15,1
320.22,False,11,Departamento,13,1
1120.33,False,14,Casa,16,2
866.64,True,11,Casa,14,2
269.61,False,9,Departamento,9,0
499.25,True,11,Casa,18,2
234.6,False,11,Casa,11,0
183.99,True,9,Departamento,16,0
243.14,False,10,Departamento,11,0
282.13,False,8,Casa,11,1
340.29,True,25,Casa,19,0
364.81,True,14,Pequeño Comercio,21,1
314.87,False,22,Casa,7,0
721.94,True,21,Casa,15,1
1062.15,False,12,Casa,19,2
508.59,True,7,Departamento,15,2
1560.21,True,21,Pequeño Comercio,19,2
557.0,True,15,Casa,18,1
321.92,True,8,Casa,22,2
585.62,True,14,Casa,19,2
547.41,False,16,Casa,11,1
407.07,False,9,Casa,14,2
391.27,True,15,Departamento,18,1
322.19,True,10,Departamento,19,1
405.24,False,10,Pequeño Comercio,17,2
338.47,False,12,Casa,14,1
916.44,False,17,Casa,9,2
313.58,False,9,Departamento,8,1
690.7,True,14,Casa,18,2
600.78,False,6,Departamento,16,2
394.53,False,11,Departamento,13,1
834.65,False,23,Pequeño Comercio,18,1
680.78,True,28,Casa,18,0
763.23,True,18,Casa,19,2
634.86,False,21,Pequeño Comercio,11,0
310.25,True,14,Departamento,19,0
225.41,True,12,Casa,18,0
331.57,False,15,Casa,14,0
190.79,False,9,Casa,11,0
455.21,True,13,Departamento,20,1
106.73,True,6,Departamento,15,0
420.83,False,13,Casa,6,0
670.14,False,17,Casa,19,2
425.72,True,12,Casa,21,1
222.22,False,7,Departamento,13,1
992.46,True,20,Departamento,19,2
813.64,False,16,Casa,21,2
482.64,True,11,Casa,19,2
911.04,True,24,Departamento,17,2
863.26,False,22,Casa,13,1
302.47,True,13,Departamento,19,1
529.32,False,14,Departamento,8,1
175.28,False,12,Casa,14,0
546.6,False,19,Casa,23,1
477.47,True,11,Casa,15,2
1235.01,True,21,Casa,18,2
408.41,True,11,Departamento,19,2
475.61,False,21,Casa,10,0
742.9,True,20,Departamento,19,2
350.69,False,17,Departamento,8,0
184.82,True,11,Casa,16,0
431.47,True,17,Departamento,21,1
621.4,False,10,Casa,14,2
242.66,True,9,Departamento,21,1
396.57,True,11,Casa,19,1
1403.71,True,18,Casa,19,2
665.59,False,13,Casa,20,2
484.86,True,12,Departamento,19,2
369.62,False,10,Casa,13,1
282.29,True,13,Departamento,17,0
203.33,False,9,Departamento,4,0
258.05,False,9,Departamento,12,0
1155.44,True,19,Casa,17,2
138.78,False,7,Casa,11,0
265.62,False,13,Departamento,15,0
249.31,False,8,Casa,11,1
250.65,False,7,Casa,15,1
245.71,False,14,Casa,14,0
269.65,False,11,Departamento,18,1
426.17,False,11,Casa,13,1
226.58,True,9,Departamento,20,1
471.65,True,18,Casa,18,1
1416.59,False,16,Casa,10,2
710.23,True,15,Casa,22,2
312.04,True,18,Casa,16,0
1262.35,True,26,Casa,17,2
401.77,True,14,Casa,20,1
158.16,False,15,Departamento,20,0
808.93,True,15,Casa,17,2
380.8,True,11,Casa,18,1
208.38,False,11,Departamento,9,0
307.62,True,11,Departamento,19,1
111.55,False,4,Casa,12,1
556.46,False,7,Departamento,16,2
316.27,False,8,Casa,17,1
318.15,True,12,Casa,20,1
206.58,False,8,Casa,12,0
1035.49,False,26,Casa,8,1
575.43,False,14,Casa,8,1
444.33,False,9,Departamento,11,1
636.05,False,25,Casa,17,1
326.21,True,10,Casa,17,1
328.37,False,15,Casa,9,0
599.68,True,17,Departamento,16,1
500.82,True,14,Casa,17,1
333.05,True,12,Casa,19,1
1155.76,False,24,Casa,14,2
272.92,False,13,Casa,15,0
929.73,True,17,Departamento,21,2
262.01,True,11,Departamento,21,1
1014.84,False,26,Casa,9,1
297.61,False,13,Departamento,17,0
387.31,False,13,Departamento,9,0
312.18,True,17,Casa,16,0
704.67,True,12,Casa,16,2
165.2,False,5,Departamento,15,1
801.92,False,13,Departamento,12,2
174.07,False,10,Casa,19,0
1250.6,True,26,Casa,23,2
232.59,False,14,Casa,9,0
160.3,True,9,Departamento,18,0
485.56,True,6,Departamento,16,2
754.49,False,9,Departamento,9,2
187.61,True,9,Pequeño Comercio,22,0
363.61,True,14,Departamento,20,1
1497.17,False,23,Casa,17,2
216.68,True,10,Departamento,17,0
266.03,False,17,Casa,10,0
352.89,False,10,Casa,14,1
428.29,False,25,Pequeño Comercio,7,0
1022.94,True,24,Departamento,16,2
214.44,False,11,Departamento,9,0
876.18,False,15,Casa,15,2
187.55,True,9,Pequeño Comercio,21,0
122.83,True,14,Departamento,18,0
225.19,True,12,Casa,14,0
244.88,True,9,Departamento,20,1
653.58,False,24,Casa,14,1
560.65,False,17,Casa,5,0
343.06,True,10,Departamento,19,1
205.23,False,10,Departamento,9,0
187.03,True,15,Casa,18,0
1627.49,False,18,Casa,14,2
362.45,False,11,Departamento,13,1
179.92,True,12,Casa,17,0
103.55,False,6,Departamento,16,0
253.69,True,11,Casa,19,0
815.12,True,25,Casa,20,1
260.81,True,16,Departamento,16,0
613.24,True,16,Casa,16,1
204.11,False,11,Casa,11,0
247.19,True,9,Casa,22,1
596.48,False,20,Casa,10,0
1068.94,True,20,Casa,17,2
735.22,True,14,Casa,18,2
148.46,False,13,Departamento,15,0
258.49,False,12,Departamento,13,0
873.9,True,19,Casa,17,2
823.15,True,15,Casa,18,2
381.21,False,19,Casa,15,0
574.22,True,14,Casa,17,2
226.94,False,10,Casa,13,0
933.81,False,23,Departamento,15,1
407.12,False,16,Pequeño Comercio,18,0
382.15,False,14,Departamento,8,0
309.78,False,12,Departamento,5,0
667.43,False,22,Departamento,10,1
387.32,True,15,Pequeño Comercio,15,0
253.16,False,16,Departamento,16,0
378.64,True,12,Departamento,18,1
444.18,True,11,Casa,18,2
182.72,True,12,Departamento,16,0
985.16,False,19,Casa,17,2
757.22,False,21,Casa,13,1
200.98,False,6,Casa,9,1
326.19,False,9,Casa,11,1
727.58,False,14,Casa,11,2
415.27,True,12,Departamento,20,1
391.88,False,11,Casa,5,0
171.82,True,12,Departamento,18,0
427.21,True,12,Casa,20,2
210.68,True,9,Casa,21,0
247.57,False,11,Departamento,12,0
1520.2,False,16,Casa,14,2
838.65,False,21,Pequeño Comercio,8,1
381.54,True,12,Casa,16,1
298.81,True,13,Casa,18,1
338.77,True,6,Departamento,17,2
632.23,True,13,Departamento,17,2
241.81,True,13,Departamento,20,0
162.15,True,9,Departamento,18,0
265.95,False,15,Casa,18,0
467.0,True,9,Departamento,18,2
694.06,True,11,Departamento,18,2
302.91,True,10,Casa,18,1
505.63,True,12,Casa,21,2
722.31,False,21,Casa,16,1
373.38,True,13,Casa,17,1
336.69,True,8,Casa,19,2
1198.7,False,25,Casa,5,1
296.85,False,12,Departamento,17,1
474.92,True,17,Casa,18,0
371.46,True,12,Casa,18,1
376.14,False,10,Casa,11,1
608.76,False,24,Casa,9,0
1115.71,False,19,Casa,12,2
402.51,False,11,Departamento,17,1
187.11,True,7,Departamento,14,0
476.24,False,23,Casa,22,0
561.76,True,16,Casa,20,1
352.89,False,23,Casa,14,0
300.75,False,20,Casa,13,0
293.91,True,9,Casa,19,1
320.0,True,15,Casa,20,0
139.94,False,8,Departamento,12,0
716.27,False,14,Casa,17,2
607.89,False,18,Departamento,17,1
783.34,True,19,Casa,17,2
501.3,False,15,Departamento,18,1
490.64,False,16,Departamento,12,0
245.48,False,11,Casa,11,0
807.76,False,19,Departamento,13,2
522.3,False,13,Casa,19,2
649.21,True,19,Casa,20,1
1140.88,True,16,Casa,20,2
165.27,True,9,Departamento,18,0
282.45,False,9,Departamento,21,1
235.21,False,9,Casa,13,0
124.3,True,11,Departamento,19,0
595.86,True,16,Casa,22,2
397.17,True,11,Departamento,15,1
367.05,False,11,Casa,12,1
538.79,True,11,Casa,16,2
421.34,False,9,Departamento,3,1
213.12,True,6,Casa,22,1
424.29,False,12,Casa,15,1
225.15,False,8,Pequeño Comercio,12,0
309.37,True,9,Casa,14,1
577.53,False,16,Casa,14,1
810.25,False,20,Casa,14,1
201.59,False,13,Casa,16,0
403.46,False,12,Casa,12,1
302.19,False,10,Departamento,10,0
421.34,False,12,Departamento,17,1
413.8,False,15,Departamento,15,0
362.17,True,17,Casa,21,0
433.07,True,12,Casa,20,2
384.57,False,17,Departamento,16,0
283.43,False,11,Casa,17,1
204.61,True,10,Casa,14,0
179.57,True,8,Departamento,16,0
552.3,False,7,Departamento,13,2
1041.97,True,10,Departamento,21,2
901.71,False,13,Pequeño Comercio,12,2
410.34,True,19,Departamento,20,0
716.19,True,11,Casa,21,2
670.86,False,22,Departamento,12,1
500.55,True,13,Casa,19,2
944.04,False,23,Departamento,16,2
131.76,False,11,Departamento,14,0
175.19,False,9,Departamento,23,0
300.05,True,12,Casa,16,0
297.75,True,18,Departamento,18,0
624.64,False,8,Casa,14,2
333.18,False,9,Casa,15,1
391.43,True,11,Casa,20,1
730.78,True,12,Casa,17,2
758.98,True,14,Departamento,19,2
899.05,True,20,Casa,15,2
278.23,True,6,Departamento,21,2
693.74,False,19,Departamento,15,1
563.28,True,18,Casa,16,1
434.37,True,8,Departamento,18,2
511.42,False,11,Departamento,15,2
275.65,False,12,Casa,22,1
277.72,False,21,Casa,16,0
226.55,True,12,Departamento,21,0
360.71,False,19,Casa,11,0
495.11,False,9,Departamento,15,2
560.74,True,16,Casa,20,1
137.25,False,12,Departamento,13,0
476.67,False,13,Casa,14,1
1437.72,False,18,Casa,18,2
186.22,True,10,Casa,17,0
393.67,True,16,Casa,17,0
629.71,True,17,Departamento,18,2
545.48,True,12,Departamento,19,2
440.38,True,19,Departamento,19,0
343.03,True,17,Casa,16,0
448.11,False,15,Departamento,18,1
416.08,False,11,Casa,18,1
681.59,True,13,Casa,16,2
506.13,False,16,Casa,14,1
550.73,True,21,Casa,18,0
840.7,False,20,Casa,21,2
380.6,False,14,Departamento,16,1
251.45,True,6,Departamento,19,2
358.26,False,13,Casa,13,0
437.37,False,19,Casa,14,0
689.63,True,21,Casa,21,1
277.59,False,10,Casa,11,0
426.58,True,13,Casa,16,1
266.17,False,17,Casa,9,0
400.88,True,7,Casa,17,2
653.15,True,13,Casa,17,2
391.36,True,16,Pequeño Comercio,21,0
569.31,False,9,Departamento,18,2
366.07,True,10,Casa,18,2
641.6,False,15,Departamento,13,1
222.89,True,8,Pequeño Comercio,18,1
1074.85,False,30,Pequeño Comercio,11,1
467.83,False,11,Departamento,13,1
257.59,False,9,Departamento,16,1
314.32,False,9,Casa,11,1
621.36,False,11,Casa,16,2
1716.34,False,24,Casa,18,2
166.35,False,7,Departamento,14,0
212.39,True,11,Departamento,19,0
613.88,True,9,Departamento,17,2
331.31,True,9,Departamento,19,1
253.46,True,14,Pequeño Comercio,18,0
757.95,False,18,Casa,19,2
674.77,False,24,Casa,13,1
435.5,False,12,Departamento,10,1
324.78,True,15,Departamento,17,0
423.76,False,15,Casa,13,1
362.84,False,15,Casa,15,0
251.27,False,7,Departamento,13,1
338.68,True,15,Casa,19,0
502.67,True,11,Casa,18,2
537.99,False,15,Departamento,11,1
143.46,True,7,Departamento,18,0
404.15,True,14,Casa,16,0
235.41,True,12,Casa,18,0
219.81,False,12,Casa,13,0
331.05,False,6,Casa,18,2
182.6,False,8,Departamento,18,0
395.29,True,13,Departamento,19,1
402.36,False,10,Departamento,15,2
345.33,False,13,Casa,15,1
329.04,True,20,Departamento,18,0
590.86,True,18,Casa,19,1
913.13,True,15,Casa,19,2
181.62,True,17,Casa,13,0
242.1,False,8,Casa,8,0
375.74,False,12,Pequeño Comercio,11,1
459.01,True,13,Casa,20,2
227.47,False,11,Casa,15,0
568.32,False,15,Casa,18,1
673.25,False,16,Casa,15,2
210.25,False,10,Pequeño Comercio,15,0
261.44,False,14,Casa,16,0
645.51,False,17,Casa,15,1
224.08,True,8,Departamento,23,1
324.51,True,12,Casa,20,1
217.79,False,11,Casa,14,0
331.46,False,9,Casa,19,1
247.62,True,12,Departamento,17,0
369.2,False,16,Departamento,15,0
897.99,True,15,Casa,20,2
194.4,True,14,Casa,19,0
852.16,False,23,Casa,18,1
605.02,True,11,Departamento,19,2
950.43,True,9,Casa,19,2
661.06,True,13,Casa,16,2
400.72,True,11,Departamento,20,1
345.78,False,11,Casa,14,1
641.94,False,13,Casa,18,2
420.99,True,16,Pequeño Comercio,15,1
403.13,True,13,Departamento,18,1
218.59,False,12,Casa,19,0
331.67,True,9,Pequeño Comercio,20,2
901.42,True,17,Casa,20,2
545.41,False,19,Casa,16,1
200.42,True,11,Departamento,21,0
133.82,True,10,Departamento,21,0
134.32,False,12,Casa,19,0
383.46,False,10,Casa,19,2
443.27,True,9,Departamento,21,2
243.35,True,11,Departamento,18,1
224.16,True,6,Departamento,20,1
381.14,False,15,Departamento,13,0
143.7,True,7,Casa,17,0
328.07,True,11,Casa,18,1
267.3,True,9,Casa,22,1
220.16,False,6,Casa,8,1
509.1,True,14,Casa,17,1
283.09,False,8,Departamento,17,1
293.58,False,10,Departamento,13,1
270.87,False,15,Departamento,19,0
286.26,False,17,Casa,16,0
127.53,False,9,Casa,6,0
266.55,True,6,Departamento,17,2
318.67,False,12,Departamento,13,0
412.48,False,14,Casa,12,0
402.42,False,10,Casa,13,1
265.64,False,8,Departamento,14,1
198.12,True,6,Casa,15,1
766.33,False,15,Casa,17,2
443.96,False,24,Casa,10,0
453.92,False,16,Casa,9,0
105.49,True,9,Casa,18,0
586.86,False,17,Casa,7,1
478.11,True,7,Departamento,18,2
161.82,False,10,Departamento,16,0
492.61,True,15,Casa,15,1
379.65,False,12,Casa,9,1
394.94,True,8,Departamento,18,2
445.04,False,12,Casa,11,1
126.26,True,13,Departamento,18,0
822.96,True,12,Departamento,18,2
538.07,True,11,Casa,15,2
449.31,True,17,Departamento,18,0
168.09,True,11,Departamento,18,0
193.76,True,10,Departamento,21,0
953.59,True,22,Casa,22,2
516.95,False,8,Casa,13,2
378.38,False,21,Casa,13,0
241.71,False,10,Departamento,14,0
169.15,True,10,Casa,16,0
1087.96,True,20,Departamento,17,2
410.07,False,20,Casa,13,0
367.16,True,12,Casa,20,1
310.43,False,12,Departamento,9,0
354.07,False,11,Casa,14,1
362.45,True,11,Casa,20,1
442.48,True,11,Casa,18,2
455.95,True,11,Casa,19,2
469.36,False,21,Casa,16,0
1685.85,True,29,Casa,19,2
393.06,False,15,Departamento,14,0
575.48,False,13,Casa,13,2
296.66,False,10,Pequeño Comercio,19,1
756.53,True,16,Casa,18,2
315.78,False,11,Departamento,16,1
150.54,False,9,Pequeño Comercio,17,0
287.48,False,17,Casa,18,0
234.45,True,9,Casa,19,1
264.57,False,6,Departamento,6,1
647.9,True,16,Pequeño Comercio,18,2
324.65,False,12,Departamento,14,1
104.96,False,4,Casa,11,0
291.1,False,9,Casa,13,1
195.64,False,8,Departamento,20,1
609.49,True,10,Departamento,15,2
511.06,True,13,Casa,15,1
610.06,False,18,Pequeño Comercio,10,1
421.06,False,21,Casa,16,0
461.62,False,15,Casa,13,1
416.24,True,16,Casa,21,1
911.21,False,12,Casa,19,2
518.13,False,12,Casa,15,2
999.5,True,23,Casa,19,2
490.48,True,24,Casa,15,0
818.76,False,15,Casa,12,2
362.8,False,8,Departamento,20,2
380.97,False,16,Casa,14,0
550.38,True,10,Casa,20,2
629.07,True,15,Casa,22,2
557.45,False,12,Casa,16,2
355.14,True,11,Casa,19,1
481.77,False,12,Casa,8,1
171.21,False,8,Departamento,13,0
962.32,True,21,Casa,15,2
724.47,False,7,Departamento,16,2
291.51,False,16,Casa,6,0
374.43,False,8,Departamento,13,2
580.16,True,11,Departamento,19,2
366.11,True,10,Casa,15,1
717.15,False,13,Casa,14,2
110.97,False,7,Departamento,12,0
589.42,True,16,Casa,17,1
740.5,False,17,Casa,17,2
501.74,False,15,Departamento,2,0
191.24,True,10,Casa,17,0
195.19,True,10,Casa,16,0
855.46,True,16,Casa,23,2
216.13,False,8,Departamento,12,0
424.15,True,12,Departamento,18,1
738.29,False,14,Pequeño Comercio,11,2
700.86,False,22,Casa,11,1
444.09,True,12,Departamento,23,2
445.76,False,12,Departamento,16,1
399.34,True,16,Casa,16,0
854.61,False,23,Casa,22,1
1048.48,True,13,Departamento,17,2
632.39,True,10,Casa,19,2
1034.93,False,15,Casa,8,2
774.29,False,13,Casa,10,2
473.19,False,8,Casa,17,2
374.3,True,12,Casa,18,1
271.16,True,10,Casa,19,1
726.6,True,20,Casa,17,1
388.99,False,17,Casa,14,0
367.11,True,13,Casa,17,1
183.32,False,11,Departamento,15,0
837.27,False,13,Casa,15,2
418.14,True,6,Casa,19,2
359.89,False,13,Pequeño Comercio,13,0
242.04,True,11,Casa,21,0
318.36,True,8,Casa,19,2
113.17,True,11,Casa,15,0
1081.91,True,17,Casa,17,2
296.57,True,14,Casa,18,0
307.46,True,12,Departamento,19,1
226.52,False,13,Casa,15,0
582.22,True,17,Casa,20,1
641.16,True,19,Casa,22,1
148.3,False,5,Casa,11,0
441.01,True,19,Casa,17,0
670.9,True,12,Casa,17,2
972.62,True,11,Casa,17,2
728.71,False,13,Departamento,15,2
395.47,False,6,Departamento,13,2
459.66,True,13,Casa,21,1
923.94,True,26,Casa,18,1
628.8,True,16,Departamento,21,2
235.83,True,7,Departamento,17,1
957.88,True,20,Casa,22,2
410.66,True,10,Casa,14,2
454.55,False,15,Casa,12,1
317.11,False,11,Casa,16,0
700.16,False,11,Departamento,11,2
803.92,True,15,Departamento,17,2
302.81,True,7,Casa,19,2
784.85,False,17,Casa,13,2
692.67,True,15,Departamento,21,2
422.45,True,13,Departamento,18,1
377.27,False,11,Departamento,20,1
260.69,False,13,Departamento,7,0
458.86,False,14,Departamento,14,1
580.59,False,16,Departamento,21,2
480.88,False,13,Departamento,15,1
267.86,False,11,Departamento,15,0
100.89,True,12,Departamento,15,0
190.87,False,11,Casa,16,0
150.79,True,7,Pequeño Comercio,20,0
604.46,False,24,Departamento,12,0
397.24,True,8,Departamento,22,2
493.63,False,11,Departamento,16,2
365.99,False,14,Casa,23,1
473.66,True,8,Departamento,18,2
1351.67,True,25,Casa,17,2
473.1,True,18,Casa,20,1
486.96,True,15,Casa,22,1
571.37,False,14,Casa,12,2
336.5,True,12,Departamento,22,1
475.29,False,11,Departamento,14,2
294.67,False,11,Casa,12,0
540.2,False,10,Departamento,8,2
205.23,True,7,Departamento,20,1
353.47,False,13,Departamento,7,0
220.32,True,7,Casa,17,1
258.91,False,11,Departamento,8,0
398.65,False,8,Casa,13,2
740.17,False,18,Casa,15,2
75.04,True,4,Casa,17,0
417.65,False,11,Casa,18,2
565.66,False,15,Departamento,10,1
321.99,True,16,Casa,16,0
834.14,False,14,Casa,10,2
1382.19,True,14,Casa,17,2
459.72,False,28,Casa,14,0
245.62,True,8,Casa,18,1
183.64,False,9,Departamento,12,0
571.97,True,10,Casa,20,2
305.43,False,8,Departamento,11,1
1293.61,False,22,Casa,8,2
595.48,True,13,Casa,18,2
363.84,True,15,Casa,16,1
324.98,True,11,Casa,21,1
300.44,False,11,Departamento,9,1
344.54,False,11,Departamento,14,1
387.54,True,11,Casa,20,2
279.04,False,12,Casa,15,0
318.17,False,11,Departamento,8,0
198.75,True,10,Departamento,18,0
579.37,False,12,Departamento,11,2
294.64,False,13,Departamento,19,0
321.68,False,10,Casa,14,1
374.41,False,11,Casa,15,1
287.98,False,16,Casa,6,0
1252.87,True,15,Casa,20,2
538.57,False,15,Casa,14,1
678.02,True,16,Casa,17,2
144.86,True,8,Departamento,18,0
248.92,False,7,Departamento,14,1
259.66,True,8,Departamento,21,1
554.72,False,18,Casa,13,1
1155.56,True,15,Departamento,22,2
1492.37,True,20,Departamento,16,2
268.78,False,11,Casa,12,0
835.46,True,10,Departamento,17,2
1091.09,True,15,Casa,18,2
489.53,True,13,Casa,22,2
367.81,False,15,Casa,17,0
330.62,False,9,Departamento,11,1
216.21,True,13,Casa,19,0
348.45,True,13,Departamento,20,1
264.14,False,17,Casa,15,0
558.42,False,15,Casa,16,1
267.65,True,12,Casa,20,0
1182.97,True,15,Casa,16,2
678.54,True,22,Casa,18,1
159.28,False,8,Casa,11,0
288.36,False,7,Casa,19,2
1296.59,True,32,Departamento,17,2
245.82,False,15,Casa,18,0
511.46,False,15,Departamento,11,1
285.95,True,12,Casa,19,1
186.65,False,10,Departamento,17,0
848.81,True,12,Casa,16,2
233.36,True,9,Casa,17,0
455.75,True,15,Casa,17,1
256.9,True,12,Casa,21,0
246.98,False,11,Departamento,10,0
275.62,False,13,Departamento,14,0
389.94,False,11,Departamento,15,1
227.29,True,14,Departamento,17,0
877.9,True,10,Casa,19,2
149.17,False,8,Casa,19,0
1116.45,True,17,Casa,19,2
682.32,False,15,Departamento,12,1
230.84,False,12,Departamento,4,0
652.25,True,14,Departamento,16,2
110.22,True,10,Departamento,18,0
421.33,True,14,Casa,18,1
352.37,False,12,Departamento,10,0
1041.37,True,21,Casa,19,2
459.06,False,14,Pequeño Comercio,5,0
104.31,False,14,Casa,14,0
712.71,True,13,Departamento,18,2
248.58,False,10,Casa,14,0
473.17,False,19,Casa,18,1
856.86,True,15,Casa,20,2
660.12,True,14,Casa,17,2
156.28,True,8,Casa,20,0
100.98,True,10,Departamento,18,0
248.07,False,12,Casa,12,0
263.93,True,17,Casa,17,0
1146.41,False,14,Casa,16,2
359.71,False,22,Casa,8,0
282.85,True,6,Departamento,18,2
526.08,True,14,Casa,16,1
540.6,False,9,Departamento,12,2
272.88,True,9,Casa,18,1
295.1,False,5,Departamento,23,2
697.91,True,14,Casa,20,2
811.85,True,22,Casa,18,1
502.58,True,19,Casa,23,1
443.46,True,16,Departamento,17,1
392.18,False,6,Casa,12,2
981.72,True,16,Departamento,19,2
338.74,False,10,Casa,11,1
360.4,True,14,Casa,20,1
109.4,False,9,Departamento,12,0
399.74,True,12,Casa,17,1
455.65,False,13,Casa,12,1
108.34,False,4,Casa,23,1
388.63,False,20,Departamento,13,0
442.51,True,8,Departamento,20,2
575.61,True,10,Departamento,19,2
246.28,True,11,Departamento,18,0
413.09,False,16,Pequeño Comercio,18,1
640.15,False,12,Casa,16,2
548.71,False,22,Casa,11,0
732.01,False,24,Casa,5,0
222.98,False,12,Casa,11,0
448.54,False,17,Casa,8,0
324.58,False,16,Casa,9,0
549.52,False,17,Pequeño Comercio,20,1
400.19,True,9,Casa,20,2
237.01,False,10,Departamento,7,0
263.02,False,17,Casa,13,0
198.9,False,12,Departamento,15,0
208.41,False,9,Casa,17,0
323.23,False,11,Departamento,11,0
160.33,False,15,Departamento,9,0
383.14,False,17,Departamento,14,0
152.6,True,6,Departamento,20,1
505.4,False,15,Casa,14,1
813.45,True,10,Casa,17,2
445.9,True,11,Casa,18,2
668.99,False,15,Casa,18,2
359.92,False,16,Departamento,17,0
818.33,True,16,Departamento,16,2
228.27,False,12,Departamento,11,0
1249.61,False,23,Casa,18,2
246.49,True,13,Casa,21,0
557.11,True,29,Casa,17,0
1398.7,True,24,Casa,20,2
550.91,False,14,Departamento,12,1
282.35,False,12,Departamento,5,0
216.1,True,7,Departamento,19,1
1210.07,True,22,Casa,19,2
843.86,True,14,Departamento,17,2
360.91,True,8,Departamento,19,2
399.93,True,8,Casa,20,2
710.56,False,16,Departamento,13,1
192.15,False,8,Departamento,11,0
232.03,False,9,Casa,14,1
632.85,False,19,Casa,19,1
495.5,True,14,Departamento,20,1
513.94,True,14,Casa,20,1
696.4,False,16,Departamento,17,2
840.85,False,17,Casa,12,2
373.58,False,10,Pequeño Comercio,15,1
191.81,False,8,Departamento,18,1
259.95,True,9,Casa,20,1
775.84,True,11,Departamento,17,2
726.92,True,21,Casa,17,1
334.71,True,8,Casa,19,2
285.07,True,19,Departamento,18,0
301.99,False,10,Casa,21,1
380.31,False,9,Casa,17,2
168.37,True,12,Departamento,18,0
511.46,True,12,Casa,18,2
749.87,False,20,Casa,13,1
654.19,True,9,Casa,13,2
177.87,False,11,Departamento,12,0
750.08,False,20,Pequeño Comercio,18,1
182.94,False,6,Casa,21,1
692.37,True,12,Departamento,19,2
328.07,True,14,Casa,21,1
281.47,False,11,Casa,10,0
279.02,False,19,Casa,14,0
549.66,False,16,Casa,16,1
322.13,False,10,Departamento,12,1
132.18,False,7,Departamento,14,0
187.87,False,9,Casa,12,0
347.26,False,11,Casa,15,1
748.46,True,15,Casa,19,2
857.03,True,19,Casa,20,2
1650.28,True,28,Casa,19,2
1042.06,True,23,Casa,19,2
150.18,True,9,Departamento,18,0
212.2,False,5,Departamento,17,1
374.15,True,11,Departamento,17,1
244.22,False,14,Departamento,12,0
634.9,False,26,Casa,13,0
247.45,True,12,Casa,19,0
864.18,False,17,Casa,13,2
258.9,False,16,Departamento,8,0
546.13,False,16,Departamento,12,1
479.55,False,10,Casa,10,1
338.43,False,12,Departamento,9,0
238.71,True,13,Departamento,19,0
586.77,True,26,Casa,16,0
148.25,True,11,Departamento,17,0
415.68,True,7,Departamento,18,2
204.63,True,8,Casa,20,1
547.66,True,7,Casa,16,2
140.11,False,6,Departamento,17,0
148.81,True,8,Departamento,21,0
467.4,False,17,Departamento,17,1
491.2,False,22,Casa,15,1
379.81,True,12,Casa,20,1
1474.3,True,23,Casa,18,2
324.9,True,15,Casa,18,0
498.83,True,20,Pequeño Comercio,19,1
164.89,True,10,Departamento,16,0
627.93,True,17,Casa,18,2
1364.11,False,24,Casa,5,1
665.92,False,17,Departamento,11,1
237.45,True,5,Casa,19,2
692.92,False,14,Casa,16,2
633.05,True,27,Pequeño Comercio,20,1
164.62,False,8,Departamento,16,0
290.62,False,9,Pequeño Comercio,14,1
612.05,False,16,Departamento,17,1
759.73,True,15,Casa,18,2
284.19,True,9,Departamento,20,1
1305.07,True,19,Casa,17,2
181.66,True,9,Casa,21,0
142.8,False,5,Casa,14,1
745.02,False,15,Casa,13,2
800.14,False,19,Casa,16,2
1098.59,False,31,Casa,17,1
280.32,True,10,Departamento,20,1
1271.85,False,19,Casa,12,2
321.49,True,12,Casa,20,1
435.98,False,14,Casa,9,0
539.09,True,20,Pequeño Comercio,18,1
426.98,True,23,Casa,20,0
246.25,True,5,Departamento,19,2
432.26,False,10,Casa,17,2
1433.26,True,23,Casa,19,2
683.05,True,19,Casa,19,1
179.38,True,6,Casa,19,1
334.99,False,19,Casa,21,0
428.07,False,18,Departamento,12,0
250.88,True,10,Departamento,17,0
857.93,False,14,Departamento,17,2
558.66,False,12,Departamento,19,2
284.22,True,13,Casa,21,0
307.7,False,15,Departamento,13,0
362.97,False,14,Departamento,18,1
173.22,True,7,Departamento,16,0
154.23,False,8,Departamento,4,0
204.87,False,6,Departamento,16,1
511.76,True,18,Casa,22,1
371.63,False,15,Casa,9,0
1118.31,True,15,Casa,23,2
668.03,True,9,Casa,17,2
92.21,True,7,Casa,19,0
357.09,True,21,Casa,23,0
454.85,False,15,Casa,11,0
916.92,True,16,Casa,18,2
776.3,False,17,Casa,15,2
636.37,False,14,Departamento,7,1
803.8,True,15,Casa,18,2
78.0,False,6,Departamento,18,0
454.02,True,10,Departamento,21,2
239.83,True,15,Casa,15,0
559.08,False,19,Casa,7,0
483.17,True,22,Casa,22,0
459.51,True,10,Departamento,17,2
983.76,True,18,Departamento,17,2
210.23,False,9,Casa,17,0
705.6,True,18,Casa,23,2
433.83,True,11,Casa,16,1
179.5,False,8,Departamento,10,0
735.2,True,12,Casa,16,2
436.0,True,16,Casa,14,0
489.41,False,15,Pequeño Comercio,20,2
879.61,True,17,Departamento,16,2
381.37,False,17,Casa,15,0
513.54,True,9,Casa,18,2
535.72,False,26,Casa,13,0
483.81,True,20,Casa,16,1
435.89,True,11,Casa,18,2
161.49,True,8,Departamento,16,0
567.57,True,19,Pequeño Comercio,19,1
418.64,True,8,Casa,18,2
363.11,False,11,Casa,11,1
102.44,True,9,Casa,14,0
1104.93,False,14,Casa,14,2
160.98,False,11,Casa,12,0
465.33,True,9,Casa,17,2
125.42,False,10,Departamento,14,0
413.66,False,8,Departamento,16,2
546.81,False,14,Departamento,12,1
893.18,True,17,Casa,16,2
318.96,False,13,Departamento,19,0
702.06,True,11,Departamento,20,2
694.4,True,18,Departamento,16,1
235.11,True,8,Casa,19,1
182.83,True,9,Departamento,15,0
128.72,True,4,Casa,15,1
229.96,False,7,Departamento,16,1
638.67,True,8,Pequeño Comercio,23,2
405.47,False,12,Casa,15,1
609.98,True,14,Casa,20,2
664.54,True,12,Departamento,17,2
301.73,False,13,Casa,17,0
546.56,False,11,Departamento,4,1
275.9,True,8,Casa,18,1
231.72,True,11,Pequeño Comercio,16,0
115.15,True,7,Departamento,18,0
355.65,False,9,Casa,13,1
1248.01,True,25,Departamento,17,2
477.98,False,7,Departamento,9,2
527.06,True,21,Departamento,23,1
173.01,False,8,Departamento,8,0
907.12,True,17,Casa,19,2
778.65,False,17,Departamento,15,2
1393.61,False,21,Casa,14,2
789.47,True,13,Casa,22,2
307.32,True,8,Departamento,20,1
676.21,False,13,Departamento,12,2
252.01,False,22,Casa,8,0
348.05,True,16,Casa,20,0
290.12,True,14,Departamento,16,0
335.45,True,14,Casa,19,0
269.41,True,14,Departamento,16,0
456.51,False,17,Casa,19,1
1271.07,True,19,Casa,18,2
528.1,True,13,Departamento,18,2
448.87,False,16,Casa,12,0
734.0,False,19,Casa,15,1
627.99,True,12,Casa,18,2
357.59,False,16,Departamento,14,0
244.31,True,13,Casa,17,0
264.33,False,16,Casa,15,0
764.0,False,22,Departamento,8,1
568.12,False,15,Casa,12,1
767.15,True,13,Casa,19,2
615.96,False,19,Casa,15,1
384.69,False,15,Pequeño Comercio,11,0
354.3,False,15,Casa,15,1
753.99,True,14,Casa,15,2
774.07,True,16,Casa,16,2
691.71,True,21,Casa,18,1
273.93,False,15,Departamento,17,0
493.69,False,9,Casa,18,2
153.46,False,5,Departamento,14,1
217.41,False,11,Departamento,19,0
299.02,True,8,Pequeño Comercio,23,2
199.48,True,10,Casa,17,0
699.7,True,17,Casa,17,2
1025.62,False,20,Departamento,12,2
392.02,False,15,Casa,12,1
560.11,False,21,Casa,14,1
275.3,False,10,Departamento,10,0
142.88,False,7,Casa,10,0
155.34,False,8,Casa,7,0
358.79,True,8,Departamento,17,2
504.74,True,15,Departamento,19,1
536.86,True,13,Departamento,20,2
558.13,True,17,Departamento,18,1
97.51,False,12,Casa,11,0
113.63,True,7,Departamento,18,0
183.03,False,13,Departamento,9,0
509.15,True,16,Departamento,20,1
296.62,True,11,Casa,13,0
388.87,False,11,Departamento,15,1
522.19,False,18,Departamento,16,1
432.83,True,21,Departamento,17,0
288.53,True,12,Departamento,19,1
142.95,False,5,Departamento,9,0
737.77,True,7,Casa,18,2
272.1,False,9,Departamento,10,1
1313.77,True,17,Casa,18,2
673.37,False,12,Casa,13,2
462.36,True,8,Departamento,17,2
87.76,True,8,Departamento,23,0
493.09,True,20,Departamento,20,1
230.57,False,14,Casa,23,0
305.83,True,12,Departamento,23,1
117.99,False,7,Departamento,10,0
150.8,False,9,Pequeño Comercio,14,0
139.39,True,5,Departamento,19,1
781.26,True,13,Casa,20,2
223.43,True,10,Casa,23,1
215.99,False,13,Casa,13,0
172.35,False,16,Casa,18,0
344.84,True,6,Casa,22,2
162.05,False,14,Departamento,7,0
369.8,True,9,Casa,20,2
460.17,True,16,Casa,18,1
675.69,False,14,Casa,15,2
398.37,False,11,Casa,15,1
352.63,False,9,Casa,21,2
332.63,False,14,Departamento,16,0
841.03,True,23,Casa,20,2
369.06,False,8,Departamento,5,1
1113.53,False,18,Casa,17,2
193.49,False,14,Casa,13,0
201.08,False,8,Casa,19,0
306.05,True,7,Departamento,23,2
464.03,True,13,Departamento,17,1
373.66,True,24,Casa,21,0
289.16,False,13,Departamento,18,0
653.47,True,11,Departamento,21,2
316.71,True,6,Departamento,20,2
980.13,True,19,Casa,18,2
176.78,False,13,Departamento,14,0
705.63,True,13,Casa,17,2
378.07,False,9,Casa,10,1
962.6,True,13,Casa,18,2
350.07,True,10,Departamento,19,2
1079.06,True,19,Casa,18,2
200.29,False,13,Departamento,9,0
503.24,False,10,Casa,14,2
1035.7,True,19,Departamento,19,2
605.64,False,18,Casa,16,1
232.08,True,12,Departamento,18,0
1366.26,True,16,Casa,17,2
900.2,False,18,Casa,7,1
167.04,False,15,Casa,18,0
792.86,True,13,Departamento,15,2
593.33,False,14,Casa,13,2
387.75,True,10,Departamento,19,2
162.5,True,11,Departamento,22,0
427.14,False,12,Casa,16,1
276.73,True,9,Departamento,18,1
562.81,True,20,Casa,21,1
397.94,True,12,Casa,16,1
467.14,True,9,Casa,20,2
215.91,True,11,Casa,23,0
342.53,True,11,Casa,17,1
400.43,True,13,Departamento,19,1
1235.84,False,24,Casa,17,2
263.91,True,18,Casa,18,0
243.68,True,12,Departamento,22,0
388.41,False,21,Casa,10,0
337.18,True,6,Casa,15,2
329.26,True,10,Casa,18,1
93.65,True,7,Casa,20,0
411.79,True,16,Casa,13,0
266.32,False,11,Casa,21,1
408.39,True,11,Departamento,18,1
257.11,True,16,Departamento,18,0
493.38,True,11,Departamento,19,2
110.55,False,7,Casa,19,0
205.83,False,7,Departamento,13,1
256.4,False,11,Departamento,15,0
220.94,False,13,Casa,8,0
801.02,True,14,Departamento,19,2
96.28,False,8,Departamento,14,0
253.29,True,14,Departamento,18,0
987.75,False,21,Departamento,12,2
367.71,True,11,Departamento,17,1
683.62,True,21,Casa,21,1
678.36,True,8,Departamento,18,2
432.99,False,9,Casa,11,1
207.37,False,8,Casa,17,0
199.03,False,8,Departamento,10,0
1212.14,False,21,Pequeño Comercio,13,2
611.76,True,18,Casa,20,1
636.16,False,17,Casa,10,1
267.48,True,14,Departamento,21,0
1006.56,True,18,Casa,18,2
176.0,True,8,Departamento,17,0
384.35,True,15,Casa,19,1
257.8,False,9,Departamento,18,1
306.85,False,9,Departamento,17,1
431.12,False,12,Departamento,10,1
301.78,False,16,Casa,15,0
258.82,False,20,Casa,14,0
569.76,True,15,Casa,19,2
210.72,False,9,Departamento,13,0
1198.59,True,15,Casa,17,2
184.35,False,8,Departamento,14,0
469.55,False,15,Casa,16,1
518.93,True,15,Casa,16,1
900.16,True,17,Casa,20,2
165.37,False,12,Departamento,11,0
261.82,False,8,Pequeño Comercio,23,2
1127.93,False,12,Casa,19,2
303.65,False,7,Departamento,14,1
835.72,False,13,Casa,17,2
459.4,True,13,Departamento,18,1
1046.19,False,18,Casa,16,2
229.12,True,14,Departamento,17,0
730.45,True,9,Departamento,17,2
751.86,True,11,Casa,19,2
189.61,False,11,Casa,14,0
817.73,False,18,Casa,14,1
1254.98,True,15,Casa,16,2
141.67,True,7,Departamento,18,0
151.41,False,8,Casa,10,0
742.48,False,14,Casa,17,2
1219.91,True,19,Casa,20,2
277.28,True,13,Casa,18,0
328.69,False,15,Departamento,15,0
348.62,False,8,Departamento,14,2
848.01,True,21,Casa,17,2
371.65,False,14,Departamento,9,0
916.46,True,16,Departamento,23,2
680.9,False,26,Casa,11,0
1130.9,True,10,Casa,19,2
151.88,False,10,Casa,12,0
160.63,True,10,Casa,18,0
511.0,True,10,Casa,19,2
131.95,False,3,Casa,9,1
287.58,False,10,Casa,12,1
225.73,True,11,Casa,20,0
416.83,False,11,Casa,16,1
378.76,True,10,Casa,15,1
168.3,False,10,Departamento,14,0
1102.32,False,21,Departamento,13,2
472.72,True,10,Departamento,17,2
795.49,True,16,Casa,20,2
774.67,False,15,Casa,17,2
660.96,True,19,Departamento,19,2
1258.95,False,16,Casa,8,2
676.86,False,13,Casa,12,2
315.13,True,7,Casa,19,2
1191.755128000399,True,9,Casa,21,0
871.3,True,20,Pequeño Comercio,18,2
181.73,True,14,Casa,16,0
295.34,False,11,Departamento,8,0
187.49,False,7,Departamento,15,1
563.04,True,12,Departamento,23,2
252.66,False,9,Casa,15,1
1157.18,False,22,Departamento,17,2
371.47,True,12,Departamento,22,1
1053.09,True,22,Casa,19,2
189.03,False,9,Departamento,7,0
240.65,True,15,Departamento,19,0
656.12,True,7,Casa,16,2
357.21,True,14,Casa,16,0
316.47,False,20,Casa,15,0
342.16,True,14,Casa,17,0
418.84,False,10,Departamento,13,1
655.39,True,15,Casa,17,2
226.58,True,12,Departamento,19,0
459.35,True,14,Departamento,19,1
447.66,True,9,Casa,22,2
496.17,True,22,Casa,19,1
260.6,True,17,Casa,20,0
107.18,False,10,Departamento,22,0
970.46,False,23,Casa,11,1
570.33,False,23,Pequeño Comercio,9,0
234.09,True,9,Casa,21,1
1208.92,True,27,Casa,19,2
108.35,True,12,Departamento,20,0
766.12,False,15,Casa,14,2
309.3,False,13,Casa,10,0
571.56,True,13,Departamento,21,2
143.16,False,8,Casa,15,0
222.19,False,18,Departamento,18,0
292.18,False,10,Casa,12,0
1076.21,True,16,Casa,15,2
298.89,True,4,Casa,21,2
388.39,True,10,Departamento,20,2
365.66,True,16,Departamento,21,1
505.17,False,16,Casa,12,1
150.92,False,8,Departamento,6,0
942.14,True,13,Casa,19,2
534.55,True,20,Casa,18,1
155.26,False,8,Casa,12,0
257.43,True,11,Departamento,16,0
778.2,False,12,Casa,10,2
711.93,False,20,Casa,16,1
815.28,False,14,Casa,23,2
203.69,True,12,Casa,23,0
668.68,True,16,Casa,20,2
729.76,False,12,Casa,10,2
1231.59,False,14,Departamento,21,2
269.49,False,14,Casa,12,0
1147.54,True,13,Casa,22,2
733.55,False,18,Casa,15,1
739.67,False,13,Casa,14,2
208.0,True,10,Casa,17,0
624.29,True,11,Casa,19,2
408.54,False,10,Departamento,12,1
772.59,False,16,Casa,17,2
487.62,False,12,Departamento,19,2
741.76,True,21,Casa,17,1
651.83,False,13,Casa,6,1
253.11,False,7,Departamento,20,2
237.98,False,11,Casa,15,0
394.1,False,15,Departamento,13,0
679.18,False,13,Departamento,14,2
508.28,False,12,Casa,15,2
591.21,True,20,Departamento,15,1
286.75,False,10,Departamento,19,1
503.34,True,15,Departamento,20,1
266.84,True,11,Departamento,20,0
1315.85,True,11,Departamento,19,2
160.98,False,5,Departamento,22,1
284.19,True,5,Casa,18,2
320.29,False,10,Casa,15,1
257.12,False,12,Casa,13,0
425.95,True,9,Departamento,15,2
225.94,True,14,Departamento,17,0
87.24,False,9,Casa,10,0
255.93,False,13,Casa,19,0
642.2,True,12,Departamento,19,2
272.4,False,12,Casa,15,0
207.68,False,6,Casa,14,1
75.26,False,4,Departamento,2,0
312.4,True,9,Casa,18,1
576.49,True,10,Casa,20,2
1029.16,False,17,Casa,12,2
395.28,True,14,Casa,17,1
561.34,False,14,Departamento,12,1
518.49,False,12,Departamento,12,2
531.9,False,17,Casa,10,0
266.47,True,6,Departamento,21,2
210.6,False,9,Casa,7,0
923.05,False,18,Casa,14,2
226.69,False,11,Casa,13,0
312.6,True,12,Departamento,17,0
192.37,False,10,Departamento,10,0
585.2,True,20,Casa,20,1
596.72,False,16,Casa,21,2
408.86,True,8,Departamento,19,2
564.12,False,17,Casa,12,1
181.12,False,8,Casa,7,0
820.51,False,14,Casa,13,2
342.6,False,28,Casa,14,0
139.71,False,10,Departamento,13,0
198.14,True,13,Casa,16,0
122.49,False,8,Departamento,11,0
594.1,True,22,Casa,22,1
289.91,False,9,Casa,8,0
175.05,True,8,Departamento,17,0
681.65,False,17,Casa,16,1
438.83,True,20,Casa,20,0
300.88,False,11,Departamento,22,1
648.1,True,13,Departamento,19,2
471.61,True,12,Casa,18,2
452.74,True,18,Casa,16,0
343.96,True,12,Departamento,17,1
211.86,False,10,Departamento,11,0
267.0,False,11,Departamento,11,0
613.49,True,14,Departamento,21,2
439.19,False,10,Casa,14,2
606.67,False,12,Casa,13,2
297.77,True,13,Casa,17,0
303.37,False,12,Departamento,14,0
819.19,True,10,Departamento,16,2
660.34,True,15,Casa,18,2
333.42,False,12,Departamento,12,1
766.28,False,20,Pequeño Comercio,16,2
423.75,True,20,Departamento,21,0
415.44,True,13,Departamento,21,1
180.28,True,9,Departamento,16,0
841.92,False,14,Pequeño Comercio,14,2
419.42,True,11,Departamento,18,1
576.63,False,16,Departamento,9,1
922.08,False,12,Casa,8,2
198.89,True,7,Casa,16,1
527.46,False,14,Departamento,17,2
510.27,False,13,Casa,7,1
837.91,False,19,Casa,22,2
576.2,True,15,Casa,22,2
315.28,False,11,Casa,12,0
283.27,True,10,Departamento,16,1
571.06,True,11,Departamento,18,2
255.59,True,13,Casa,17,0
250.88,False,13,Departamento,13,0
446.68,True,19,Casa,20,0
1261.96,False,22,Casa,21,2
421.41,True,10,Casa,18,2
730.17,False,19,Casa,8,1
198.29,True,8,Casa,17,1
399.15,False,16,Pequeño Comercio,11,0
561.09,True,14,Casa,21,2
466.08,False,16,Departamento,12,1
375.39,True,16,Casa,19,1
275.06,False,7,Departamento,17,1
444.96,False,13,Departamento,17,1
166.34,True,8,Departamento,18,0
506.94,False,14,Casa,19,1
1284.67,False,16,Casa,17,2
773.61,False,24,Casa,12,1
628.17,True,14,Departamento,17,2
737.78,True,15,Casa,16,2
387.63,False,10,Departamento,11,1
195.29,True,7,Departamento,17,1
496.26,False,8,Casa,14,2
350.17,False,8,Casa,20,2
410.8,True,7,Departamento,20,2
524.12,False,10,Departamento,11,2
349.66,False,10,Departamento,14,1
422.15,True,10,Casa,17,2
628.82,False,18,Casa,16,1
626.04,True,10,Casa,14,2
394.6,True,11,Departamento,20,2
467.16,False,9,Casa,16,2
211.48,False,8,Casa,14,0
349.36,True,18,Departamento,20,0
579.41,True,14,Casa,19,2
327.68,False,12,Pequeño Comercio,5,0
191.03,True,11,Departamento,18,0
521.77,True,13,Departamento,19,2
169.86,True,13,Departamento,17,0
824.16,False,15,Casa,11,2
727.19,False,19,Pequeño Comercio,14,1
231.67,True,11,Casa,15,0
843.82,False,14,Casa,19,2
558.19,False,17,Casa,8,1
202.84,False,11,Departamento,18,0
879.91,False,16,Departamento,10,2
392.94,True,13,Casa,20,1
334.78,False,10,Departamento,7,1
1137.62,True,17,Casa,18,2
239.4,False,8,Casa,10,0
171.98,True,5,Departamento,18,1
229.21,False,6,Pequeño Comercio,18,2
436.17,True,8,Casa,19,2
507.75,True,13,Casa,23,2
473.58,False,18,Departamento,15,0
788.58,True,13,Casa,19,2
544.29,False,18,Casa,15,1
461.13,True,14,Casa,21,1
323.39,False,18,Departamento,2,0
301.9,True,16,Casa,18,0
1695.91,True,20,Casa,16,2
200.08,True,12,Casa,21,0
347.21,False,15,Casa,15,0
660.46,True,21,Pequeño Comercio,21,1
470.88,False,19,Casa,15,1
470.29,False,24,Casa,4,0
629.06,True,24,Casa,15,1
391.14,False,10,Departamento,13,1
1183.63,True,23,Casa,17,2
274.32,True,9,Casa,20,1
232.5,False,11,Departamento,15,0
454.22,False,15,Casa,10,1
118.72,False,7,Departamento,22,0
488.63,False,16,Casa,12,1
388.33,True,23,Casa,18,0
393.0,True,9,Casa,19,2
498.09,True,17,Casa,20,1
554.59,True,10,Departamento,17,2
496.91,False,14,Casa,4,0
542.17,False,15,Casa,14,1
703.6,True,21,Casa,17,1
597.11,False,15,Casa,15,1
570.74,True,9,Casa,19,2
446.59,True,12,Departamento,22,2
229.06,True,7,Casa,21,1
319.2,False,10,Departamento,12,1
931.5,True,16,Departamento,20,2
1374.9,False,24,Casa,14,2
673.73,True,18,Casa,22,2
452.15,True,10,Departamento,18,2
427.6,False,11,Casa,11,1
360.37,True,10,Casa,16,1
324.04,False,12,Casa,16,1
487.39,True,20,Casa,19,1
344.38,True,14,Pequeño Comercio,14,0
604.43,True,12,Casa,21,2
626.37,True,15,Casa,19,2
141.59,False,5,Casa,16,1
377.44,True,12,Departamento,19,1
474.81,False,26,Casa,21,0
462.13,True,11,Casa,15,2
1079.01,True,20,Departamento,19,2
357.5,False,20,Casa,11,0
533.87,True,14,Pequeño Comercio,16,1
337.53,False,10,Casa,14,1
262.47,False,20,Casa,12,0
100.45,False,14,Departamento,17,0
625.49,False,12,Casa,8,1
528.14,True,15,Departamento,19,1
367.86,True,13,Casa,19,1
780.62,False,18,Casa,12,1
295.12,True,6,Departamento,18,2
838.88,True,14,Departamento,16,2
167.98,True,7,Departamento,20,1
490.27,False,11,Casa,17,2
233.16,True,9,Casa,17,1
163.41,True,10,Departamento,20,0
1158.97,False,24,Casa,12,2
83.89,False,8,Departamento,11,0
421.03,False,8,Departamento,12,2
307.62,True,11,Departamento,17,1
627.78,False,10,Casa,10,2
497.9,False,22,Casa,16,0
868.83,False,23,Casa,11,1
1086.55,True,15,Departamento,19,2
177.97,True,18,Departamento,16,0
482.59,True,18,Departamento,17,1
632.57,True,14,Casa,14,2
275.96,True,17,Casa,20,0
172.38,True,13,Casa,19,0
1282.74,True,19,Casa,18,2
309.11,True,9,Departamento,19,1
883.24,True,8,Departamento,16,2
221.77,False,19,Casa,14,0
425.53,False,10,Departamento,16,2
530.56,True,13,Casa,19,2
623.65,False,29,Casa,14,0
697.69,True,16,Casa,17,2
726.58,False,26,Casa,6,0
781.14,True,18,Casa,21,2
364.99,False,12,Casa,11,0
373.75,False,12,Casa,20,1
570.74,False,10,Casa,18,2
411.05,True,17,Departamento,18,1
254.2,True,10,Pequeño Comercio,16,1
702.12,True,19,Pequeño Comercio,20,1
304.9,True,10,Casa,13,1
239.07,True,10,Casa,20,0
557.45,False,13,Departamento,16,2
552.7,False,12,Departamento,22,2
845.16,True,12,Casa,21,2
144.33,True,5,Casa,19,1
755.94,False,20,Casa,16,1
564.2,True,10,Casa,18,2
195.21,False,9,Casa,18,0
235.88,True,18,Pequeño Comercio,18,0
401.16,True,17,Casa,23,0
276.78,False,17,Casa,13,0
256.4,False,9,Departamento,11,0
583.73,False,19,Casa,9,1
234.07,False,6,Departamento,13,1
687.34,False,29,Casa,11,0
1351.49,True,14,Casa,14,2
132.85,False,7,Departamento,10,0
1562.91,True,16,Departamento,16,2
155.23,True,8,Departamento,18,0
732.98,False,23,Casa,14,1
572.57,True,19,Departamento,17,1
224.34,True,10,Departamento,19,0
1144.55,True,19,Casa,14,2
833.52,True,17,Casa,16,2
654.22,True,11,Departamento,16,2
1295.74,True,18,Departamento,20,2
331.08,False,13,Casa,16,0
228.41,False,11,Departamento,9,0
277.36,True,9,Departamento,16,1
453.66,False,14,Casa,12,1
500.11,True,18,Casa,18,1
298.43,False,9,Casa,11,1
253.54,True,11,Departamento,21,0
729.7,True,15,Departamento,17,2
333.14,False,13,Departamento,7,0
176.38,True,12,Departamento,18,0
996.8,False,27,Casa,14,1
148.34,False,7,Departamento,13,0
433.11,False,15,Casa,7,0
351.65,False,13,Departamento,16,1
712.15,False,16,Casa,12,1
109.21,False,12,Departamento,20,0
300.33,True,13,Casa,17,0
147.76,False,10,Departamento,12,0
421.91,True,13,Departamento,18,1
208.9,True,6,Casa,23,2
367.5,True,16,Casa,19,0
481.1,True,7,Casa,18,2
313.54,True,10,Departamento,20,1
631.35,True,18,Departamento,20,1
436.73,False,19,Departamento,14,0
637.77,True,13,Casa,16,2
626.93,True,14,Casa,20,2
345.2,True,15,Departamento,20,0
205.51,False,12,Casa,13,0
1689.82,False,22,Casa,13,2
337.76,False,10,Departamento,10,1
158.21,False,10,Departamento,7,0
514.33,True,7,Departamento,13,2
740.92,False,22,Casa,15,1
345.34,False,9,Casa,21,2
391.67,True,8,Departamento,17,2
652.29,True,13,Casa,17,2
422.2,True,10,Casa,18,2
321.38,True,12,Casa,22,1
112.6,False,10,Departamento,13,0
447.52,True,8,Casa,18,2
305.59,True,11,Casa,18,1
252.93,False,13,Casa,12,0
295.14,True,12,Casa,18,0
101.42,False,8,Departamento,14,0
451.97,True,15,Departamento,14,1
1224.62,True,19,Departamento,16,2
479.07,True,21,Casa,20,0
305.43,False,8,Departamento,12,1
371.87,True,11,Pequeño Comercio,20,1
706.93,True,10,Casa,18,2
276.41,True,11,Departamento,15,0
1105.24,True,12,Casa,20,2
484.46,False,15,Departamento,15,1
519.55,True,14,Casa,22,2
551.48,False,8,Casa,8,2
181.04,False,10,Casa,11,0
403.82,True,10,Departamento,22,2
363.5,True,12,Departamento,23,1
393.06,True,19,Casa,16,0
94.37,False,6,Departamento,16,0
653.57,True,12,Casa,20,2
155.39,False,7,Casa,15,0
582.04,False,17,Casa,13,1
381.26,False,9,Departamento,19,2
650.83,False,20,Casa,17,1
470.39,False,16,Departamento,15,1
544.07,False,17,Casa,8,1
111.3,False,9,Casa,16,0
192.96,True,10,Departamento,17,0
1250.19,True,27,Casa,18,2
525.55,True,14,Casa,18,2
532.77,False,13,Casa,16,2
1019.28,True,12,Casa,20,2
126.9,False,10,Departamento,18,0
356.67,False,13,Departamento,18,1
367.93,False,8,Casa,18,2
260.76,False,14,Casa,10,0
685.94,False,12,Casa,6,2
287.11,True,17,Casa,22,0
456.98,True,9,Casa,20,2
885.54,True,19,Casa,19,2
303.66,False,15,Casa,18,0
357.93,False,13,Casa,23,1
292.22,True,17,Casa,20,0
793.98,True,14,Departamento,19,2
398.44,True,12,Casa,23,1
984.99,False,22,Casa,16,2
553.02,False,12,Casa,9,1
239.84,True,4,Casa,20,2
1033.09,True,15,Casa,16,2
491.23,True,11,Departamento,14,2
661.66,False,17,Pequeño Comercio,9,1
123.79,True,16,Departamento,17,0
934.84,True,18,Casa,18,2
341.2,True,13,Casa,20,1
731.57,True,15,Casa,20,2
862.34,True,14,Casa,19,2
295.3,True,10,Departamento,21,1
215.9,True,11,Casa,19,0
377.01,True,13,Departamento,17,1
543.81,True,16,Departamento,21,2
760.77,False,22,Casa,20,1
158.03,True,8,Departamento,15,0
433.49,True,13,Departamento,17,1
153.55,True,11,Departamento,19,0
112.62,True,7,Departamento,17,0
200.65,False,16,Casa,17,0
476.39,False,11,Departamento,11,1
90.81,False,7,Departamento,16,0
428.1,False,13,Casa,12,1
399.67,False,16,Casa,13,0
742.43,True,7,Departamento,18,2
129.0,False,9,Departamento,18,0
907.54,True,19,Departamento,20,2
1215.29,False,21,Departamento,16,2
282.68,True,9,Departamento,14,1
918.37,True,15,Casa,16,2
400.4,True,17,Departamento,17,0
438.09,False,17,Casa,17,0
697.03,True,13,Departamento,19,2
306.11,True,16,Casa,18,0
337.27,False,14,Casa,10,0
338.95,True,10,Casa,18,1
931.43,False,17,Departamento,11,2
745.57,True,12,Casa,18,2
1066.03,True,18,Casa,17,2
744.08,False,9,Departamento,14,2
79.65,False,11,Casa,22,0
377.35,True,17,Casa,19,0
357.41,False,15,Departamento,12,0
344.8,True,10,Departamento,19,2
214.62,False,8,Departamento,10,0
245.7,False,19,Departamento,19,0
387.75,False,11,Departamento,12,1
850.02,False,26,Pequeño Comercio,22,1
589.28,True,16,Departamento,19,1
947.73,False,13,Casa,6,2
221.95,False,8,Casa,22,1
185.37,True,17,Departamento,16,0
370.83,False,11,Casa,13,1
319.26,True,9,Casa,18,1
206.7,True,17,Departamento,16,0
896.06,False,16,Departamento,10,2
855.88,False,15,Departamento,16,2
192.83,False,12,Departamento,17,0
119.12,True,9,Departamento,20,0
690.02,True,13,Casa,17,2
819.73,False,12,Departamento,16,2
797.01,False,20,Casa,20,2
261.85,True,9,Departamento,17,1
182.6,True,8,Departamento,18,0
611.8,False,29,Casa,19,0
1654.35,True,25,Casa,21,2
1437.0,False,21,Casa,16,2
1008.04,False,17,Departamento,12,2
276.93,True,7,Casa,13,1
751.32,True,22,Casa,13,1
225.28,True,9,Departamento,18,1
322.45,False,11,Casa,11,0
558.43,True,14,Departamento,19,2
387.4,False,8,Casa,21,2
256.59,True,10,Departamento,17,1
323.79,False,11,Departamento,8,0
624.26,True,14,Casa,17,2
115.84,False,8,Casa,13,0
564.04,False,11,Casa,12,2
601.58,True,14,Departamento,16,2
286.21,True,11,Departamento,19,1
235.7,True,7,Casa,18,1
453.38,True,11,Casa,21,2
383.87,False,10,Departamento,21,2
753.25,True,19,Pequeño Comercio,16,2
244.52,False,10,Departamento,14,0
344.46,False,9,Casa,9,1
158.22,False,12,Casa,9,0
641.4,False,16,Casa,16,1
264.06,False,8,Pequeño Comercio,7,0
218.99,True,8,Casa,17,1
143.62,False,8,Casa,16,0
399.65,True,8,Casa,22,2
736.18,True,19,Casa,18,1
264.37,False,15,Casa,15,0
136.04,True,11,Casa,18,0
327.79,False,7,Casa,18,2
695.16,True,24,Casa,18,1
893.59,True,22,Casa,19,2
367.08,True,13,Casa,21,1
771.68,True,19,Casa,17,2
408.65,False,15,Casa,13,0
363.61,True,11,Departamento,16,1
409.64,False,13,Casa,17,1
803.77,True,26,Casa,16,1
1055.28,True,17,Departamento,19,2
471.03,False,12,Pequeño Comercio,19,2
390.32,True,13,Casa,20,1
547.12,True,6,Casa,17,2
708.97,True,14,Casa,16,2
310.5,True,5,Departamento,18,2
370.92,True,17,Departamento,18,0
126.04,False,6,Departamento,9,0
232.43,False,7,Casa,15,1
658.68,True,17,Casa,17,1
518.14,False,14,Casa,13,1
322.59,False,12,Departamento,13,0
169.54,False,12,Casa,22,0
364.98,True,10,Casa,20,1
292.17,False,7,Casa,9,1
652.11,False,12,Casa,19,2
163.39,False,7,Departamento,14,0
417.1,False,16,Casa,9,0
322.74,True,14,Casa,16,0
932.84,True,23,Casa,19,2
608.02,False,12,Casa,9,2
529.77,True,9,Casa,19,2
367.58,True,22,Departamento,21,0
286.02,False,13,Casa,15,0
244.72,True,15,Casa,17,0
195.94,False,5,Departamento,16,2
880.66,True,14,Departamento,21,2
292.46,False,8,Casa,18,2
393.57,False,10,Departamento,18,2
880.02,True,20,Departamento,19,2
368.62,False,14,Departamento,9,0
445.09,True,9,Casa,17,2
1093.87,False,28,Departamento,19,1
215.95,False,8,Departamento,15,0
287.14,False,15,Casa,17,0
205.95,True,8,Departamento,19,0
471.62,False,20,Departamento,15,0
243.16,False,14,Departamento,17,0
278.76,False,9,Departamento,7,0
624.22,True,11,Departamento,17,2
832.52,True,22,Casa,18,1
77.08,False,10,Casa,10,0
281.42,True,8,Casa,18,1
613.88,True,17,Departamento,19,1
407.98,True,12,Departamento,19,1
460.25,True,11,Departamento,19,2
312.09,False,10,Casa,14,1
375.64,False,19,Casa,8,0
1297.2,False,19,Casa,9,2
805.02,True,28,Casa,19,1
487.17,False,12,Departamento,12,1
328.13,False,14,Departamento,17,0
284.19,True,5,Departamento,20,2
410.37,True,13,Casa,19,1
376.44,True,13,Departamento,19,1
165.11,True,11,Departamento,19,0
338.85,False,17,Casa,12,0
727.28,False,12,Departamento,18,2
286.14,False,8,Pequeño Comercio,11,1
553.73,False,21,Casa,17,0
438.59,True,22,Departamento,18,0
952.9,False,12,Casa,10,2
393.99,False,11,Departamento,16,1
464.52,True,18,Departamento,19,1
360.12,False,7,Departamento,12,2
1147.69,False,24,Casa,14,2
781.48,True,13,Casa,15,2
444.14,False,17,Departamento,13,0
550.74,True,16,Casa,21,1
290.38,True,12,Casa,19,0
451.44,False,16,Casa,13,0
258.07,True,11,Casa,18,0
564.91,False,16,Departamento,14,1
360.79,False,12,Departamento,9,0
197.02,False,13,Pequeño Comercio,16,0
225.95,True,8,Casa,21,1
996.7,False,13,Casa,17,2
400.87,False,17,Departamento,17,0
517.46,False,16,Casa,15,1
263.48,True,13,Pequeño Comercio,19,1
258.95,False,18,Departamento,14,0
1148.06,True,21,Casa,20,2
412.59,True,15,Casa,19,1
216.94,False,11,Departamento,16,0
206.97,False,10,Departamento,18,0
502.06,True,14,Casa,17,1
491.85,True,11,Departamento,20,2
165.26,True,12,Casa,23,0
408.89,True,24,Pequeño Comercio,18,0
572.97,False,13,Pequeño Comercio,11,2
256.73,False,12,Casa,14,0
198.73,False,10,Casa,15,0
626.42,False,16,Casa,6,1
342.29,True,16,Departamento,21,0
197.39,False,10,Pequeño Comercio,12,0
204.36,False,9,Departamento,14,0
947.21,True,18,Casa,21,2
136.61,False,9,Casa,19,0
1094.4,False,17,Casa,13,2
334.5,False,9,Casa,17,1
962.56,False,20,Departamento,17,2
247.07,False,9,Casa,10,0
200.6,False,12,Casa,15,0
596.95,True,15,Casa,19,2
137.31,True,6,Departamento,16,0
202.49,False,11,Departamento,12,0
194.46,False,8,Casa,18,0
352.01,True,18,Departamento,17,0
97.06,True,8,Casa,20,0
470.14,True,12,Casa,18,2
790.99,False,13,Departamento,5,2
750.16,True,17,Casa,17,2
483.73,True,6,Casa,20,2
307.2,False,14,Casa,9,0
1148.92,True,10,Departamento,18,2
314.1,True,12,Casa,20,1
682.17,True,9,Casa,16,2
257.32,True,14,Casa,16,0
551.77,True,19,Pequeño Comercio,17,1
1101.51,True,14,Casa,17,2
596.24,False,18,Casa,12,1
225.57,True,8,Casa,20,1
588.56,True,13,Casa,18,2
636.05,False,17,Casa,16,1
190.19,False,11,Departamento,13,0
94.19,True,5,Departamento,18,0
332.78,False,12,Casa,4,0
117.73,False,7,Departamento,16,0
388.34,False,12,Departamento,11,1
839.54,False,15,Casa,4,1
147.56,False,5,Departamento,9,0
267.26,True,8,Casa,20,1
187.56,True,5,Departamento,15,1
239.33,True,13,Casa,18,0
1370.28,False,23,Casa,18,2
626.14,True,16,Casa,17,1
289.17,False,19,Casa,12,0
318.52,False,15,Casa,17,0
436.89,False,21,Casa,14,0
318.78,False,9,Casa,15,1
231.12,False,12,Departamento,8,0
397.59,False,17,Departamento,13,0
185.84,True,10,Departamento,17,0
537.9,False,15,Casa,11,1
282.73,True,8,Pequeño Comercio,16,1
794.39,True,13,Casa,19,2
417.89,True,19,Casa,20,0
956.84,False,17,Casa,8,2
144.02,False,8,Departamento,16,0
620.22,True,12,Departamento,17,2
181.55,False,10,Departamento,9,0
124.92,False,7,Departamento,13,0
491.87,False,11,Casa,9,1
235.59,False,11,Casa,9,0
380.03,False,15,Casa,11,0
337.49,False,10,Pequeño Comercio,15,1
1253.92,False,21,Casa,12,2
367.9,False,10,Departamento,23,2
397.1,False,12,Departamento,19,1
1290.42,True,23,Casa,22,2
1072.55,True,20,Casa,21,2
192.35,True,12,Casa,18,0
363.41,False,21,Pequeño Comercio,17,0
381.06,True,9,Casa,18,2
123.14,True,7,Departamento,19,0
409.77,False,14,Casa,10,0
433.06,True,9,Casa,18,2
641.68,True,19,Casa,19,1
194.84,False,11,Casa,14,0
441.94,False,10,Casa,15,2
399.7,True,6,Departamento,16,2
572.38,True,15,Casa,18,1
258.57,True,8,Departamento,23,1
470.89,True,21,Casa,22,0
985.79,True,16,Departamento,16,2
535.8,True,7,Casa,17,2
680.11,True,19,Casa,21,2
355.71,True,11,Departamento,19,1
1728.84,False,19,Casa,13,2
198.25,False,10,Casa,13,0
189.47,False,9,Casa,16,0
486.24,False,11,Casa,16,2
933.03,True,16,Casa,17,2
245.74,True,15,Departamento,18,0
280.53,True,13,Departamento,19,0
515.72,False,16,Casa,13,1
691.17,True,20,Casa,19,1
181.17,False,6,Casa,10,1
630.9,True,9,Casa,20,2
262.39,True,11,Departamento,17,0
248.31,True,11,Casa,16,0
285.54,True,16,Casa,23,0
171.15,False,5,Departamento,8,1
287.88,True,10,Departamento,22,1
355.9,False,8,Departamento,11,1
275.47,True,12,Departamento,18,0
475.71,True,17,Departamento,18,1
1035.98,True,15,Casa,20,2
184.25,False,8,Departamento,9,0
323.51,True,15,Pequeño Comercio,17,0
485.32,True,9,Departamento,14,2
228.28,False,14,Departamento,10,0
115.35,False,8,Casa,8,0
801.06,False,16,Departamento,11,2
879.15,False,21,Pequeño Comercio,14,2
507.33,True,17,Departamento,19,1
210.65,True,10,Casa,17,0
419.85,True,13,Departamento,18,1
243.77,False,5,Casa,17,2
281.35,True,6,Casa,19,2
360.39,True,10,Casa,16,1
396.69,True,15,Casa,14,0
589.45,True,23,Casa,20,1
319.2,False,15,Casa,19,0
564.11,False,12,Departamento,10,2
948.71,True,15,Casa,16,2
388.44,True,11,Departamento,19,1
342.87,True,10,Casa,19,1
327.1,False,13,Casa,10,0
367.89,False,11,Casa,14,1
923.09,True,14,Departamento,20,2
200.21,True,12,Casa,19,0
409.04,True,10,Casa,20,2
269.71,True,6,Casa,19,2
197.69,True,11,Casa,18,0
1527.03,False,16,Pequeño Comercio,12,2
1577.47,False,23,Departamento,15,2
649.62,True,12,Casa,17,2
151.83,False,9,Casa,13,0
418.57,True,13,Departamento,16,1
100.98,False,9,Casa,11,0
381.75,True,13,Casa,16,1
386.75,False,10,Casa,20,1
325.72,False,15,Casa,8,0
399.37,True,10,Departamento,22,2
433.79,True,12,Departamento,19,1
423.09,True,13,Departamento,19,1
657.17,True,17,Departamento,20,2
363.75,False,14,Casa,11,0
1303.4,False,16,Casa,15,2
365.19,False,10,Casa,10,1
147.86,True,11,Departamento,19,0
549.77,True,17,Casa,15,1
338.96,False,18,Casa,1,0
361.54,False,13,Departamento,21,1
265.59,False,14,Departamento,9,0
184.99,True,6,Departamento,23,1
662.46,False,16,Casa,16,2
544.47,False,13,Casa,18,2
474.58,False,12,Casa,14,1
169.03,False,12,Departamento,12,0
380.79,False,17,Casa,9,0
742.79,False,11,Casa,18,2
999.93,True,16,Casa,18,2
434.29,False,10,Casa,19,2
688.84,False,21,Casa,16,1
807.8,False,15,Casa,13,2
499.45,True,13,Departamento,20,2
298.01,False,14,Departamento,15,0
169.78,False,7,Departamento,15,0
402.9,True,16,Casa,18,1
271.78,True,9,Departamento,17,1
411.67,True,11,Casa,20,2
229.61,False,10,Departamento,11,0
315.12,True,14,Departamento,19,0
1570.16,False,29,Casa,13,2
109.91,True,6,Casa,16,0
1095.05,False,26,Departamento,9,1
395.62,False,10,Departamento,13,1
445.71,True,14,Departamento,19,1
651.0,False,27,Casa,14,0
533.55,True,17,Casa,18,1
1006.31,True,16,Casa,17,2
232.46,False,11,Departamento,17,0
249.15,True,16,Casa,18,0
185.07,True,9,Pequeño Comercio,19,0
156.26,False,8,Departamento,14,0
197.7,False,10,Departamento,6,0
482.5,False,15,Departamento,9,0
494.37,True,24,Casa,20,0
217.16,False,11,Pequeño Comercio,17,0
212.11,True,11,Casa,16,0
1094.03,True,19,Casa,19,2
740.46,True,18,Casa,17,2
333.61,True,7,Casa,20,2
740.04,False,14,Casa,15,2
375.97,True,7,Departamento,19,2
310.8,True,6,Departamento,16,2
525.57,False,10,Casa,13,2
710.38,True,10,Departamento,18,2
582.99,True,17,Departamento,20,1
754.31,False,16,Casa,12,2
570.81,True,27,Pequeño Comercio,19,0
736.62,True,17,Departamento,21,2
301.31,True,13,Casa,15,1
747.91,True,17,Casa,21,2
309.59,False,9,Departamento,18,1
574.71,True,15,Casa,15,1
458.15,True,17,Casa,13,1
149.96,True,6,Casa,17,0
563.81,False,18,Casa,18,1
230.11,False,5,Departamento,16,2
385.7,True,13,Casa,21,1
191.77,False,9,Departamento,14,0
435.73,False,11,Departamento,10,1
406.8,True,13,Casa,19,1
246.1,True,10,Departamento,20,0
190.06,False,9,Casa,12,0
785.86,False,22,Departamento,20,2
489.5,True,13,Casa,20,2
686.12,False,17,Casa,18,1
355.98,False,13,Casa,9,0
966.64,False,18,Casa,19,2
271.68,False,18,Casa,20,0
191.31,False,10,Casa,16,0
618.94,False,12,Departamento,14,2
1549.03,True,21,Casa,20,2
602.95,True,15,Departamento,18,2
306.14,False,8,Casa,8,1
171.28,False,7,Departamento,16,0
219.78,False,9,Casa,12,0
976.95,False,21,Departamento,13,2
366.02,False,18,Casa,9,0
308.71,False,10,Casa,22,1
376.97,True,8,Casa,18,2
116.49,False,7,Departamento,18,0
247.24,False,9,Departamento,15,1
525.97,False,17,Pequeño Comercio,15,1
413.87,True,12,Departamento,20,1
424.79,False,12,Departamento,11,1
286.88,True,13,Departamento,21,1
372.44,False,12,Departamento,19,1
188.38,False,9,Casa,10,0
410.65,True,13,Departamento,17,1
92.01,True,6,Casa,17,0
172.78,False,8,Departamento,10,0
375.1,True,13,Departamento,21,1
384.04,False,10,Departamento,16,2
127.17,False,9,Casa,15,0
318.33,True,14,Casa,15,0
663.93,False,27,Casa,9,0
444.8,True,11,Departamento,16,1
382.45,False,15,Casa,20,1
471.84,False,21,Pequeño Comercio,14,0
374.88,True,13,Casa,16,1
714.4,False,15,Casa,19,2
254.27,False,13,Casa,13,0
756.22,True,8,Casa,16,2
342.61,True,14,Pequeño Comercio,19,1
546.97,True,12,Departamento,20,2
112.25,False,7,Departamento,15,0
258.27,True,13,Casa,14,0
342.86,False,10,Departamento,12,1
672.11,True,15,Departamento,18,2
430.7,False,16,Casa,18,1
548.36,False,19,Casa,20,1
735.7,False,14,Casa,20,2
724.0,False,12,Departamento,12,2
248.55,False,11,Departamento,13,0
1212.84,False,27,Casa,15,2
1309.53,True,23,Pequeño Comercio,21,2
273.46,False,10,Departamento,9,0
446.24,True,19,Casa,20,0
1595.33,True,24,Casa,18,2
581.24,True,15,Casa,20,1
628.2,True,10,Casa,20,2
352.07,True,5,Departamento,21,2
217.26,False,9,Casa,14,0
1216.82,True,16,Casa,17,2
601.53,True,10,Casa,19,2
633.33,True,20,Casa,19,1
356.35,False,17,Casa,13,0
469.06,True,11,Departamento,19,2
321.36,False,10,Departamento,17,1
328.55,True,11,Departamento,19,1
207.03,True,18,Casa,17,0
1347.35,True,21,Casa,21,2
115.78,True,5,Departamento,20,0
365.5,False,19,Departamento,11,0
177.67,True,8,Departamento,20,0
822.83,False,17,Casa,12,2
441.89,False,7,Departamento,4,2
236.85,True,12,Departamento,21,0
284.78,False,12,Departamento,13,0
598.88,True,13,Casa,19,2
774.68,False,22,Casa,11,1
274.53,True,9,Casa,22,1
1341.99,True,25,Casa,19,2
594.54,True,17,Casa,17,1
543.74,False,19,Casa,15,1
251.04,False,10,Casa,14,0
583.02,False,15,Casa,16,1
544.39,False,17,Casa,10,1
500.71,False,8,Departamento,23,2
323.33,True,13,Casa,20,1
493.34,False,27,Casa,15,0
600.68,False,11,Casa,15,2
680.17,True,23,Pequeño Comercio,18,1
429.05,True,12,Casa,19,1
234.8,True,6,Departamento,18,2
396.01,True,15,Casa,17,0
344.36,False,14,Pequeño Comercio,14,0
253.88,False,13,Casa,15,0
171.69,False,9,Casa,19,0
491.69,True,14,Casa,19,1
210.18,True,14,Departamento,16,0
861.46,False,13,Pequeño Comercio,18,2
838.61,True,14,Casa,17,2
444.4,True,15,Casa,16,1
445.41,False,6,Casa,16,2
207.97,True,9,Pequeño Comercio,16,0
272.82,False,10,Pequeño Comercio,10,0
416.1,True,20,Departamento,19,0
397.8,False,15,Departamento,18,1
139.31,True,10,Departamento,17,0
1291.81,True,20,Casa,22,2
470.76,True,10,Casa,17,2
500.46,True,17,Casa,19,1
168.36,True,11,Casa,18,0
124.15,True,8,Casa,17,0
419.81,False,17,Casa,19,0
252.03,False,9,Departamento,23,1
370.37,False,12,Casa,12,1
427.21,False,14,Casa,9,1
294.15,True,9,Departamento,17,1
432.72,False,15,Casa,11,0
196.03,False,13,Casa,19,0
886.75,True,19,Departamento,19,2
213.26,False,12,Departamento,13,0
307.49,False,10,Departamento,8,0
211.2,False,13,Casa,16,0
578.59,False,13,Casa,16,2
170.56,False,8,Casa,12,0
142.33,False,7,Casa,16,0
542.56,True,9,Departamento,19,2
622.2,False,17,Pequeño Comercio,14,1
357.4,True,12,Casa,18,1
316.53,False,14,Departamento,9,0
300.52,True,15,Casa,18,0
422.21,True,12,Casa,20,2
155.69,True,10,Departamento,18,0
909.13,False,16,Casa,11,2
220.72,False,11,Departamento,13,0
388.88,False,16,Pequeño Comercio,9,0
606.74,True,9,Departamento,20,2
758.54,False,16,Departamento,11,2
258.52,True,10,Casa,19,1
696.58,True,16,Casa,20,2
375.81,True,14,Casa,17,1
599.34,True,10,Casa,18,2
520.95,True,14,Casa,18,1
591.79,False,17,Departamento,12,1
592.65,False,11,Casa,16,2
746.17,False,16,Casa,13,2
142.68,False,5,Casa,23,1
622.81,True,26,Casa,21,1
434.92,False,12,Departamento,20,1
485.67,True,23,Casa,20,0
242.51,False,10,Departamento,9,0
565.26,False,13,Departamento,16,2
128.86,True,9,Casa,17,0
844.38,True,9,Casa,19,2
370.34,False,10,Departamento,12,1
388.96,True,9,Departamento,20,2
247.07,False,9,Pequeño Comercio,14,1
646.41,True,24,Casa,20,1
181.4,False,11,Departamento,20,0
420.5,True,11,Casa,22,2
161.39,False,5,Casa,10,1
261.64,True,6,Casa,20,2
539.54,True,19,Casa,20,1
644.15,True,10,Casa,19,2
105.86,False,4,Departamento,11,0
390.74,False,6,Pequeño Comercio,11,2
304.19,True,19,Casa,21,0
98.22,False,5,Departamento,11,0
222.97,False,9,Departamento,15,0
883.46,True,25,Casa,19,1
253.85,False,7,Casa,13,1
614.21,False,18,Casa,16,1
296.68,False,12,Casa,16,1
430.66,True,17,Departamento,15,1
845.24,False,20,Casa,18,2
308.82,True,8,Departamento,18,2
808.51,False,14,Departamento,15,2
478.04,True,15,Casa,18,1
140.01,True,6,Departamento,18,1
59.37,True,9,Casa,19,0
307.58,False,15,Casa,15,0
304.78,False,8,Departamento,10,1
351.92,True,17,Casa,20,0
582.15,True,18,Departamento,20,1
239.77,True,7,Departamento,20,2
379.19,False,23,Casa,16,0
587.23,False,21,Casa,13,1
312.9,True,10,Departamento,17,1
366.75,False,11,Casa,5,0
286.64,True,14,Casa,17,0
354.0,True,8,Casa,17,2
408.14,False,10,Casa,13,1
459.7,True,14,Casa,23,2
292.15,True,10,Casa,16,0
157.98,False,7,Casa,15,0
368.59,False,20,Casa,14,0
248.24,True,14,Departamento,19,0
319.22,False,14,Departamento,8,0
344.92,False,22,Casa,12,0
347.13,False,15,Departamento,20,0
265.3,True,8,Casa,17,1
303.09,True,8,Departamento,23,2
322.82,False,17,Casa,15,0
170.29,True,15,Casa,19,0
487.91,False,8,Departamento,10,2
675.83,False,23,Casa,19,1
732.89,True,22,Casa,18,1
222.1,True,6,Departamento,20,2
153.97,False,7,Casa,15,0
844.63,False,11,Departamento,20,2
733.09,True,18,Casa,14,1
1363.83,True,22,Departamento,21,2
439.69,False,14,Casa,20,1
630.48,False,16,Departamento,18,2
1179.9,True,16,Departamento,18,2
220.66,True,15,Casa,20,0
634.68,False,21,Casa,15,1
914.11,True,21,Casa,22,2
510.98,False,17,Departamento,14,1
779.79,True,17,Casa,14,2
972.4,True,15,Departamento,19,2
167.22,True,19,Casa,20,0
971.82,True,16,Casa,20,2
800.23,True,19,Casa,15,2
400.21,True,13,Departamento,19,1
427.64,True,13,Departamento,19,1
670.08,False,16,Departamento,11,1
120.72,True,9,Departamento,17,0
341.66,True,10,Casa,19,1
997.45,True,16,Casa,20,2
701.27,False,19,Casa,15,1
692.45,True,14,Casa,19,2
268.11,True,9,Casa,21,1
438.21,True,9,Departamento,19,2
528.8,True,15,Casa,16,1
264.56,False,12,Casa,17,0
324.82,True,12,Casa,18,1
399.97,True,14,Casa,19,1
549.64,True,11,Departamento,18,2
382.18,False,13,Departamento,8,0
951.26,True,16,Departamento,20,2
515.32,True,15,Departamento,20,1
160.46,False,16,Casa,17,0
282.65,False,16,Casa,19,0
295.79,True,11,Casa,18,1
644.1,True,14,Departamento,21,2
339.06,True,17,Casa,17,0
286.17,True,11,Casa,18,1
192.78,True,9,Casa,16,0
194.06,True,15,Departamento,21,0
314.75,True,8,Departamento,18,2
211.13,False,9,Casa,13,0
761.12,True,10,Departamento,20,2
603.63,False,22,Casa,23,1
699.82,True,18,Casa,15,1
150.37,False,6,Departamento,9,0
449.47,True,12,Departamento,22,2
753.54,False,10,Casa,12,2
364.31,True,8,Departamento,18,2
301.07,False,9,Casa,9,1
252.87,True,9,Casa,17,1
505.76,True,20,Casa,15,0
374.69,False,9,Casa,21,2
692.22,False,13,Casa,17,2
925.53,True,31,Pequeño Comercio,19,1
307.49,False,20,Casa,14,0
315.43,True,9,Casa,19,1
458.48,False,12,Casa,11,1
258.23,True,13,Casa,16,0
554.08,True,13,Casa,17,2
654.53,False,13,Casa,23,2
422.86,False,18,Departamento,8,0
335.78,False,11,Casa,13,1
333.11,True,6,Casa,22,2
182.36,False,13,Casa,10,0
242.56,False,9,Departamento,10,0
207.93,False,10,Departamento,12,0
363.77,True,14,Casa,20,1
400.14,False,11,Departamento,18,1
428.68,True,7,Departamento,19,2
175.16,False,8,Casa,20,0
249.41,True,8,Departamento,19,1
287.52,True,9,Departamento,17,1
1632.21,False,26,Casa,5,2
1579.78,False,31,Casa,14,2
324.21,False,12,Casa,16,1
613.91,True,14,Casa,19,2
140.56,False,7,Casa,13,0
161.1,False,10,Departamento,11,0
795.85,True,13,Casa,19,2
134.22,False,7,Departamento,11,0
321.79,False,15,Casa,12,0
753.28,True,14,Departamento,17,2
367.74,True,8,Departamento,23,2
609.33,False,20,Casa,18,1
484.76,False,15,Casa,16,1
297.1,False,12,Casa,9,0
759.99,False,22,Casa,13,1
219.77,True,7,Casa,15,1
373.47,True,14,Departamento,15,1
366.08,False,9,Casa,15,1
438.55,True,11,Casa,19,2
232.88,True,9,Casa,18,0
268.05,True,14,Casa,18,0
224.35,False,9,Casa,16,0
843.88,True,15,Casa,19,2
310.02,True,12,Casa,21,1
723.15,True,20,Casa,20,2
83.91,False,10,Casa,12,0
665.86,True,14,Casa,21,2
201.94,True,7,Casa,19,1
1120.99,True,19,Departamento,16,2
1311.85,True,16,Departamento,17,2
386.54,False,10,Casa,10,1
272.92,True,13,Departamento,17,0
198.64,False,8,Casa,19,0
412.5,False,15,Casa,11,0
451.67,False,9,Casa,4,1
320.17,True,12,Casa,20,1
449.64,True,9,Casa,16,2
315.49,True,11,Departamento,21,1
277.13,False,5,Pequeño Comercio,16,2
474.47,True,7,Departamento,23,2
272.25,False,18,Casa,10,0
697.03,True,25,Casa,21,1
296.03,True,7,Departamento,20,2
369.61,False,18,Departamento,12,0
291.56,True,13,Casa,21,0
116.33,True,12,Casa,19,0
1019.92,True,21,Departamento,17,2
404.5,True,14,Casa,16,1
269.53,True,13,Casa,17,0
308.87,False,15,Departamento,11,0
262.88,True,13,Casa,19,0
597.89,False,12,Departamento,15,2
594.21,True,16,Casa,17,1
339.26,True,12,Departamento,22,1
615.18,False,15,Casa,17,2
794.98,True,10,Casa,17,2
309.27,False,6,Departamento,10,2
515.47,True,15,Casa,19,1
574.65,False,20,Casa,12,0
476.89,False,15,Departamento,11,0
257.95,False,9,Casa,19,1
648.58,True,16,Casa,21,2
402.82,False,16,Departamento,12,0
465.77,False,10,Casa,10,1
245.72,False,18,Casa,18,0
1149.22,True,30,Departamento,19,2
883.81,True,19,Departamento,20,2
554.38,True,13,Casa,19,2
278.42,True,9,Casa,17,1
287.9,True,15,Casa,23,0
829.63,True,19,Casa,14,2
287.91,True,12,Casa,18,0
467.02,True,10,Casa,20,2
393.38,False,15,Casa,12,0
623.31,True,15,Departamento,18,2
252.41,True,7,Departamento,21,1
1248.48,True,22,Casa,20,2
627.01,False,13,Casa,14,2
343.05,True,11,Casa,20,1
384.5,False,15,Departamento,7,0
648.06,False,14,Casa,9,1
774.7,True,15,Departamento,15,2
1187.79,True,13,Casa,18,2
1066.31,True,20,Casa,22,2
155.54,False,10,Departamento,17,0
115.04,False,10,Departamento,15,0
275.16,True,12,Departamento,18,0
907.04,True,15,Casa,20,2
728.48,False,19,Departamento,10,1
261.48,True,12,Departamento,19,0
717.86,True,24,Casa,21,1
311.52,True,12,Casa,22,1
193.77,True,10,Departamento,18,0
531.33,False,19,Departamento,11,0
526.63,True,6,Departamento,19,2
420.49,False,13,Casa,18,1
464.06,True,11,Departamento,19,2
655.6,False,9,Casa,14,2
1015.91,False,18,Casa,12,2
274.58,False,12,Casa,21,1
253.15,True,11,Casa,21,0
171.23,True,7,Departamento,19,1
425.76,False,12,Casa,9,1
280.69,False,10,Casa,21,1
637.96,False,13,Casa,14,2
460.67,False,13,Casa,15,1
927.8958798677444,False,9,Departamento,9,0
617.51,True,10,Departamento,18,2
759.87,False,17,Pequeño Comercio,9,1
789.63,True,15,Casa,19,2
120.94,False,7,Departamento,13,0
141.88,False,8,Casa,9,0
278.44,False,10,Casa,11,0
481.68,True,17,Casa,18,1
799.52,False,16,Casa,17,2
750.98,True,25,Casa,18,1
194.04,True,11,Casa,17,0
365.81,False,10,Casa,11,1
387.36,False,8,Departamento,12,2
890.22,False,21,Casa,20,2
843.71,False,20,Casa,13,2
533.0,False,14,Casa,12,1
114.96,False,7,Departamento,14,0
857.38,False,17,Departamento,15,2
409.66,True,8,Departamento,20,2
409.63,True,12,Casa,22,1
1285.43,True,24,Casa,17,2
465.38,False,9,Departamento,15,2
383.9,False,18,Departamento,12,0
80.98,True,8,Casa,17,0
571.66,True,12,Departamento,19,2
300.17,False,12,Departamento,6,0
383.41,True,8,Departamento,15,2
491.71,False,22,Casa,16,0
1520.92,False,22,Casa,16,2
657.95,False,19,Casa,15,1
379.29,True,12,Departamento,19,1
483.51,True,9,Casa,18,2
643.98,False,14,Casa,16,2
461.24,False,16,Casa,11,0
901.32,False,21,Casa,14,1
723.16,False,17,Departamento,23,2
386.53,True,22,Departamento,19,0
307.5,False,9,Departamento,15,1
196.82,False,11,Casa,19,0
146.34,False,6,Casa,11,0
542.2,False,12,Casa,13,2
695.46,True,20,Casa,19,1
305.09,False,11,Departamento,11,1
234.98,True,11,Casa,19,0
300.32,False,19,Casa,7,0
209.13,False,9,Departamento,9,0
645.58,True,14,Casa,19,2
921.21,False,25,Casa,17,1
343.09,False,19,Pequeño Comercio,15,0
222.69,False,15,Departamento,14,0
1137.92,False,33,Pequeño Comercio,15,1
181.51,False,8,Departamento,14,0
142.4,True,9,Casa,20,0
317.74,True,11,Departamento,16,1
1076.85,True,20,Casa,18,2
221.76,True,12,Casa,19,0
388.93,False,13,Departamento,19,1
234.64,True,11,Casa,18,0
496.57,False,22,Casa,7,0
238.56,True,11,Casa,20,0
166.3,False,14,Departamento,14,0
102.88,False,5,Casa,13,0
453.61,False,22,Casa,11,0
238.34,False,10,Casa,5,0
535.4,True,12,Departamento,17,2
1159.93,False,22,Casa,15,2
606.48,True,17,Departamento,20,2
351.87,False,17,Departamento,14,0
275.85,True,13,Departamento,17,0
676.87,False,25,Casa,10,0
222.18,False,6,Departamento,13,1
304.34,True,15,Casa,21,0
555.14,False,13,Departamento,18,2
473.18,False,14,Departamento,14,1
1378.23,True,28,Casa,19,2
985.95,True,19,Casa,19,2
643.06,True,14,Departamento,18,2
723.02,True,19,Departamento,18,1
524.9,False,6,Casa,10,2
413.11,True,20,Casa,17,0
680.14,False,24,Casa,19,1
760.47,True,13,Casa,19,2
471.81,True,12,Casa,18,2
380.85,True,15,Departamento,22,1
269.81,False,9,Casa,10,1
182.81,True,12,Departamento,21,0
195.83,True,12,Pequeño Comercio,19,0
570.07,False,14,Departamento,14,1
226.37,False,10,Departamento,14,0
312.11,True,12,Departamento,21,1
333.35,False,11,Casa,9,1
535.89,True,17,Casa,17,1
347.96,True,13,Casa,17,1
190.16,True,9,Departamento,19,0
271.83,True,8,Departamento,19,1
400.9,False,20,Casa,17,0
380.04,True,8,Departamento,16,2
227.12,False,11,Departamento,18,0
724.58,True,16,Casa,15,2
328.4,True,16,Departamento,17,0
226.73,False,11,Casa,18,0
633.25,True,10,Casa,20,2
552.25,True,17,Departamento,19,1
659.94,True,22,Departamento,18,1
243.85,False,7,Casa,19,1
911.14,True,20,Casa,18,2
112.37,True,11,Departamento,17,0
1493.0,True,22,Casa,17,2
587.71,True,11,Pequeño Comercio,15,2
1067.08,False,13,Departamento,18,2
193.47,True,18,Casa,21,0
311.07,False,9,Casa,11,1
365.26,False,12,Departamento,14,1
472.74,True,15,Casa,16,1
582.08,True,17,Casa,18,1
974.96,False,15,Casa,13,2
776.96,True,19,Casa,18,2
1015.53,False,17,Casa,13,2
400.41,True,12,Departamento,17,1
523.39,True,16,Departamento,18,1
316.35,False,11,Casa,11,0
130.01,False,6,Departamento,17,0
506.23,True,18,Casa,20,1
210.8,False,9,Casa,21,0
245.92,False,14,Departamento,11,0
677.6,False,14,Casa,11,2
203.11,True,7,Casa,18,1
145.58,True,9,Departamento,18,0
1068.27,False,23,Casa,5,1
118.42,False,5,Casa,12,0
199.6,True,9,Departamento,20,0
702.95,False,19,Casa,9,1
895.6,True,10,Casa,17,2
159.6,False,11,Departamento,16,0
195.92,True,7,Casa,21,1
860.0,False,15,Casa,12,2
243.06,True,10,Casa,23,0
299.39,False,8,Casa,18,1
314.39,False,14,Casa,10,0
478.1,True,18,Casa,19,1
1323.26,True,24,Casa,20,2
308.61,True,9,Departamento,17,1
195.17,True,4,Casa,14,2
152.86,False,9,Pequeño Comercio,15,0
155.72,False,10,Departamento,7,0
188.35,False,7,Departamento,8,0
1703.44,True,16,Casa,16,2
460.62,True,9,Casa,20,2
172.14,True,15,Departamento,19,0
766.01,False,19,Departamento,12,1
240.41,False,10,Departamento,23,1
456.38,True,15,Departamento,22,1
325.43,False,11,Departamento,17,1
607.17,True,14,Casa,19,2
574.29,False,17,Casa,10,1
876.64,True,15,Departamento,18,2
487.97,True,14,Casa,19,2
404.26,True,26,Casa,23,0
401.35,False,21,Casa,14,0
638.25,False,14,Casa,14,2
186.67,False,13,Departamento,11,0
730.86,False,16,Pequeño Comercio,6,1
709.02,False,12,Casa,11,2
205.49,True,6,Casa,22,2
414.27,True,11,Departamento,17,1
386.38,False,17,Casa,15,0
358.85,True,15,Casa,19,0
545.57,False,12,Casa,17,2
192.72,False,9,Departamento,16,0
822.67,False,11,Departamento,10,2
444.83,True,9,Departamento,22,2
335.61,True,13,Departamento,20,1
455.99,True,11,Departamento,19,2
566.93,False,10,Casa,16,2
170.53,False,6,Casa,4,0
708.97,True,13,Casa,20,2
366.17,True,12,Casa,20,1
1445.37,True,18,Casa,20,2
1059.32,False,23,Casa,16,2
1410.73,False,17,Casa,14,2
633.26,False,15,Casa,9,1
212.22,False,13,Casa,15,0
257.18,False,11,Casa,12,0
213.35,True,5,Casa,20,2
566.52,True,17,Departamento,17,1
410.18,False,16,Casa,5,0
705.72,True,19,Casa,18,1
284.18,False,15,Casa,16,0
332.12,True,11,Departamento,15,1
1029.09,True,15,Casa,16,2
206.17,False,17,Casa,12,0
216.73,True,7,Departamento,16,1
452.77,True,10,Casa,20,2
730.06,True,14,Departamento,20,2
235.17,False,10,Casa,8,0
127.04,True,8,Casa,17,0
510.04,False,13,Casa,8,1
617.05,True,12,Casa,17,2
420.67,False,12,Casa,15,1
928.81,False,27,Pequeño Comercio,11,1
432.6,False,8,Departamento,7,2
473.41,True,29,Casa,18,0
287.58,True,11,Casa,19,0
249.74,False,9,Casa,15,1
276.76,True,9,Casa,17,1
225.75,True,7,Departamento,16,1
477.13,True,10,Casa,18,2
174.83,False,11,Casa,13,0
694.28,True,14,Departamento,19,2
517.35,False,9,Casa,19,2
688.67,True,14,Casa,19,2
141.2,False,8,Departamento,14,0
732.03,True,30,Casa,15,0
427.82,True,13,Casa,22,1
1011.9,True,25,Casa,17,1
157.52,False,10,Departamento,18,0
812.25,False,15,Casa,21,2
314.58,False,15,Departamento,21,0
652.9,False,20,Casa,13,1
413.81,True,8,Casa,21,2
293.38,False,17,Departamento,16,0
621.03,False,12,Departamento,16,2
96.07,False,9,Casa,16,0
412.83,True,18,Departamento,17,0
84.49,False,7,Departamento,17,0
376.71,True,22,Departamento,15,0
350.51,False,13,Casa,13,0
319.57,False,26,Casa,11,0
119.33,False,13,Casa,14,0
537.17,False,12,Departamento,14,1
231.68,False,10,Departamento,15,0
493.93,False,10,Casa,12,2
1044.41,False,15,Casa,8,2
393.4,True,9,Departamento,16,2
635.98,True,10,Casa,17,2
661.61,True,8,Departamento,16,2
874.64,True,18,Casa,20,2
297.76,True,8,Departamento,21,2
586.17,False,17,Departamento,10,1
500.14,False,14,Departamento,9,1
916.79,True,19,Casa,18,2
179.22,False,7,Departamento,15,0
514.11,False,16,Casa,14,1
1173.3,False,21,Casa,9,2
509.94,True,13,Casa,19,2
311.67,False,12,Departamento,10,0
316.36,False,23,Casa,20,0
625.87,True,10,Casa,18,2
586.37,True,14,Casa,23,2
629.86,True,16,Casa,21,2
289.88,False,17,Casa,15,0
964.58,True,18,Casa,22,2
343.43,False,12,Departamento,13,1
274.93,False,9,Departamento,18,1
258.95,True,5,Casa,20,2
233.75,False,7,Casa,11,1
264.33,False,15,Departamento,10,0
604.0,True,5,Casa,18,2
563.98,True,13,Departamento,19,2
313.78,False,11,Departamento,15,1
292.76,True,8,Casa,18,1
328.57,True,12,Departamento,16,1
637.61,True,11,Casa,14,2
620.38,True,16,Departamento,18,1
245.37,True,14,Departamento,16,0
533.12,True,11,Departamento,14,2
276.83,False,8,Casa,21,1
369.06,False,12,Casa,16,1
500.96,True,20,Pequeño Comercio,18,1
331.23,False,11,Casa,14,1
1124.97,False,26,Casa,10,2
340.33,False,13,Casa,20,1
501.94,False,17,Departamento,9,1
253.86,True,6,Casa,20,2
214.51,True,7,Departamento,21,1
407.26,True,20,Casa,20,0
253.77,True,9,Pequeño Comercio,21,1
1069.44,True,21,Departamento,19,2
149.18,True,8,Casa,18,0
214.74,True,5,Departamento,14,2
235.44,False,12,Pequeño Comercio,15,0
388.69,False,18,Departamento,19,0
401.67,False,14,Departamento,8,0
315.25,False,10,Casa,12,1
913.05,False,17,Casa,12,2
392.96,True,14,Casa,18,1
751.97,True,13,Casa,18,2
301.69,False,19,Casa,14,0
437.72,True,9,Casa,17,2
692.77,True,20,Casa,18,1
433.32,False,13,Departamento,14,1
751.64,True,9,Casa,17,2
490.53,False,22,Casa,16,0
280.03,True,11,Departamento,19,1
742.74,True,21,Casa,19,1
373.31,True,8,Casa,18,2
225.24,True,20,Casa,17,0
794.33,False,33,Departamento,16,0
181.51,True,10,Departamento,23,0
250.6,False,8,Departamento,10,0
316.02,True,13,Departamento,20,0
548.35,True,17,Casa,22,1
975.08,False,21,Pequeño Comercio,9,1
450.12,True,17,Casa,19,1
637.21,False,14,Departamento,18,2
966.57,True,26,Casa,17,1
773.97,False,11,Casa,11,2
1003.94,False,23,Casa,7,1
163.1,True,13,Departamento,15,0
476.84,False,17,Casa,21,1
362.58,True,11,Casa,19,1
215.15,False,8,Casa,17,1
539.76,True,10,Casa,19,2
815.15,False,15,Casa,18,2
405.78,True,17,Casa,22,0
243.8,False,5,Departamento,11,2
1011.46,True,20,Casa,23,2
138.6,False,12,Departamento,17,0
787.74,True,24,Casa,18,1
478.01,True,16,Casa,21,1
457.89,False,16,Casa,22,1
436.26,True,12,Departamento,22,2
285.99,True,16,Casa,17,0
501.59,False,14,Departamento,16,1
191.79,False,12,Departamento,9,0
868.61,True,21,Casa,19,2
356.49,False,10,Casa,16,1
237.11,True,10,Departamento,20,0
585.1,True,14,Casa,20,2
235.51,False,10,Departamento,7,0
316.66,False,18,Casa,18,0
154.84,True,8,Departamento,20,0
588.67,False,16,Departamento,2,0
326.21,False,15,Casa,13,0
420.07,True,24,Casa,19,0
239.59,True,10,Casa,17,0
772.64,True,22,Departamento,19,1
192.6,True,8,Casa,15,1
201.39,False,8,Departamento,16,1
737.21,False,22,Casa,11,1
394.78,True,9,Casa,16,2
495.56,True,17,Casa,22,1
416.4,True,13,Casa,18,1
273.07,False,8,Departamento,20,1
431.07,True,16,Casa,15,1
286.7,False,9,Departamento,14,1
189.21,False,10,Casa,20,0
406.91,False,9,Departamento,10,1
242.81,False,15,Casa,15,0
1094.01,False,12,Departamento,9,2
527.28,False,13,Departamento,7,1
272.82,False,8,Departamento,11,0
102.34,False,10,Departamento,9,0
555.05,False,17,Casa,23,1
198.28,True,9,Casa,22,0
355.66,True,10,Pequeño Comercio,16,1
456.92,True,14,Departamento,20,1
367.05,False,11,Departamento,16,1
744.38,True,7,Departamento,18,2
840.76,False,16,Departamento,17,2
844.21,False,12,Casa,14,2
330.72,False,7,Casa,8,1
154.28,False,5,Pequeño Comercio,17,1
432.44,False,8,Departamento,15,2
683.34,True,13,Casa,22,2
347.55,False,10,Casa,12,1
305.3,True,9,Departamento,19,1
655.69,False,13,Casa,11,2
707.34,True,13,Casa,21,2
315.84,False,22,Casa,9,0
677.7,False,9,Casa,10,2
553.33,True,12,Casa,18,2
377.52,True,14,Casa,17,1
458.29,False,14,Departamento,17,1
242.31,False,9,Casa,12,1
294.31,False,16,Casa,13,0
658.65,True,20,Casa,17,1
931.67,True,13,Departamento,18,2
154.58,False,7,Departamento,13,0
431.11,False,15,Departamento,15,0
628.6,True,17,Departamento,21,1
237.2,True,8,Casa,20,1
560.61,True,11,Departamento,22,2
1460.64,True,17,Casa,17,2
426.69,True,19,Departamento,20,1
416.43,False,13,Casa,13,1
437.91,True,14,Casa,17,1
577.82,True,15,Departamento,18,2
264.36,False,11,Casa,17,0
386.0,False,10,Casa,16,1
207.29,False,6,Departamento,20,1
217.14,True,13,Casa,19,0
465.15,True,10,Casa,17,2
173.79,False,7,Departamento,18,1
508.41,False,23,Pequeño Comercio,9,0
178.09,True,10,Casa,19,0
238.5,True,8,Departamento,15,1
1458.32,False,26,Casa,10,2
428.89,False,15,Casa,7,0
355.69,True,8,Departamento,21,2
223.51,True,11,Casa,13,0
468.98,False,11,Pequeño Comercio,22,2
258.79,True,13,Departamento,18,0
792.3,False,20,Pequeño Comercio,9,1
255.74,True,8,Casa,17,1
198.95,True,13,Casa,15,0
416.19,True,11,Casa,21,2
242.06,False,11,Departamento,18,0
222.81,False,11,Departamento,3,0
1528.55,True,25,Casa,18,2
369.41,False,15,Departamento,16,0
160.35,True,12,Casa,17,0
587.09,False,21,Departamento,13,0
429.49,False,22,Departamento,13,0
696.97,False,17,Casa,16,1
647.56,True,12,Departamento,20,2
223.41,False,10,Departamento,11,0
193.02,False,11,Departamento,16,0
414.23,False,15,Departamento,18,1
201.64,True,10,Departamento,17,0
199.91,False,7,Casa,14,1
158.16,False,5,Departamento,13,1
1213.23,True,15,Casa,19,2
433.78,True,12,Casa,17,1
385.21,True,4,Casa,19,2
812.97,False,27,Pequeño Comercio,13,1
329.94,False,6,Departamento,9,2
177.11,True,13,Departamento,15,0
700.69,True,16,Casa,18,2
733.6,False,11,Departamento,7,2
458.17,True,12,Casa,20,1
570.13,True,17,Departamento,19,1
172.59,True,12,Departamento,19,0
634.02,False,17,Departamento,11,1
967.06,False,21,Casa,18,2
620.03,True,21,Casa,22,1
506.73,True,14,Casa,17,1
831.37,True,16,Departamento,19,2
1334.17,True,21,Casa,15,2
372.07,True,16,Casa,18,0
335.05,False,9,Casa,17,1
558.83,False,13,Departamento,17,2
525.18,False,14,Casa,18,2
239.2,True,10,Departamento,21,1
819.47,True,15,Casa,16,2
276.67,True,13,Casa,16,0
478.24,False,17,Departamento,11,1
523.79,False,20,Casa,13,0
488.07,False,17,Casa,14,0
263.08,True,9,Casa,17,1
859.37,False,18,Casa,11,2
288.08,True,14,Departamento,18,0
311.35,False,8,Casa,11,1
731.48,True,20,Casa,19,2
1603.18,True,25,Casa,19,2
189.98,False,12,Casa,15,0
535.18,False,15,Casa,11,1
295.32,True,11,Departamento,20,1
407.78,True,14,Casa,18,1
327.56,False,7,Casa,16,2
686.93,False,13,Departamento,21,2
590.72,False,15,Casa,13,1
99.91,True,6,Departamento,17,0
154.8,True,9,Departamento,20,0
865.88,True,9,Departamento,19,2
392.68,False,10,Casa,9,1
344.63,False,11,Departamento,16,1
1442.59,False,20,Departamento,9,2
420.13,False,17,Pequeño Comercio,16,1
683.18,True,14,Casa,16,2
1086.79,True,17,Casa,22,2
128.23,True,10,Casa,19,0
95.3,False,7,Departamento,16,0
730.42,True,14,Casa,17,2
322.96,True,11,Departamento,21,1
194.18,True,5,Casa,15,1
184.24,False,7,Departamento,14,0
721.42,True,16,Departamento,19,2
134.69,False,5,Pequeño Comercio,16,0
169.35,False,7,Departamento,18,0
139.93,True,8,Departamento,19,0
481.09,False,20,Casa,10,0
299.42,False,11,Departamento,14,1
398.4,False,11,Pequeño Comercio,15,1
615.49,False,12,Casa,18,2
576.03,False,19,Pequeño Comercio,13,1
379.37,True,17,Casa,19,0
414.02,False,11,Departamento,17,1
177.1,True,8,Casa,19,0
530.32,True,13,Departamento,16,2
233.28,False,12,Casa,17,0
291.96,False,6,Departamento,8,1
841.5,False,30,Departamento,7,0
390.47,True,14,Casa,16,1
412.65,True,8,Departamento,19,2
934.2,True,12,Departamento,23,2
349.45,False,4,Departamento,12,2
242.89,True,20,Casa,20,0
728.81,True,15,Casa,16,2
449.31,True,11,Departamento,20,2
430.35,False,8,Casa,19,2
170.31,False,7,Departamento,10,0
336.41,True,24,Casa,20,0
533.8,False,14,Pequeño Comercio,9,1
336.3,False,9,Departamento,13,1
854.85,True,23,Pequeño Comercio,22,2
287.0,True,9,Casa,17,1
383.95,True,9,Departamento,17,2
349.06,True,19,Casa,20,0
383.86,False,13,Casa,14,1
267.04,True,13,Casa,19,0
578.0,True,14,Casa,21,2
815.36,True,14,Casa,17,2
267.81,False,13,Casa,14,0
290.9,True,11,Casa,21,1
565.56,True,23,Casa,20,1
766.72,False,18,Casa,10,1
397.86,False,24,Casa,14,0
963.87,True,18,Casa,18,2
1426.71,False,28,Pequeño Comercio,15,2
685.3,False,20,Casa,12,1
512.2,True,14,Pequeño Comercio,20,1
526.02,True,10,Departamento,17,2
450.91,True,19,Departamento,12,0
525.56,True,18,Casa,19,1
723.36,True,11,Departamento,18,2
915.9,True,18,Casa,15,2
545.42,False,12,Casa,15,2
126.81,True,7,Casa,18,0
635.51,True,15,Departamento,15,2
793.48,True,14,Casa,22,2
468.71,True,13,Casa,17,1
747.1,False,15,Casa,10,2
627.52,True,15,Casa,17,2
392.45,False,11,Casa,10,1
804.83,False,19,Casa,12,1
581.66,True,11,Casa,20,2
362.13,False,12,Departamento,13,1
409.29,True,13,Casa,17,1
424.45,False,11,Departamento,7,1
862.75,True,14,Casa,19,2
447.82,True,12,Casa,22,2
516.34,False,18,Departamento,8,0
1122.29,True,13,Departamento,15,2
308.45,False,9,Casa,6,0
120.16,True,15,Casa,18,0
93.04,True,7,Departamento,20,0
1356.54,True,21,Casa,19,2
855.29,True,15,Casa,18,2
344.96,True,10,Departamento,20,1
335.66,True,8,Departamento,18,2
184.15,True,6,Departamento,17,1
497.86,True,24,Departamento,20,0
366.4,False,15,Departamento,22,1
103.47,False,8,Departamento,7,0
767.51,False,16,Casa,8,1
195.97,True,7,Casa,17,1
289.91,False,6,Departamento,14,2
346.58,True,22,Casa,20,0
462.23,False,24,Casa,12,0
448.15,False,12,Casa,9,1
132.19,True,11,Casa,21,0
263.87,False,10,Casa,18,1
958.51,False,21,Casa,14,2
573.36,False,18,Casa,11,1
570.38,False,23,Pequeño Comercio,13,0
251.04,False,6,Departamento,11,1
223.51,False,11,Casa,10,0
814.76,False,11,Departamento,16,2
540.4,False,14,Pequeño Comercio,17,1
306.6,False,11,Departamento,13,1
166.43,True,10,Departamento,18,0
433.29,True,19,Casa,17,0
344.89,True,26,Casa,17,0
392.1,True,14,Casa,19,1
753.03,False,21,Casa,11,1
291.91,True,12,Departamento,18,1
185.7,True,7,Casa,17,1
502.68,False,14,Casa,13,1
356.37,True,16,Departamento,20,0
162.5,False,7,Casa,10,0
369.68,True,8,Casa,17,2
676.83,False,7,Casa,17,2
268.75,False,11,Departamento,20,1
252.0,False,12,Casa,16,0
269.13,False,9,Departamento,13,1
337.28,True,11,Casa,19,1
248.43,True,11,Casa,17,0
715.43,True,15,Casa,19,2
179.88,True,9,Departamento,19,0
750.38,True,14,Casa,18,2
252.7,False,14,Casa,12,0
324.44,False,8,Departamento,12,1
229.5,True,14,Casa,17,0
446.01,False,12,Casa,5,1
985.88,False,17,Casa,12,2
773.19,False,15,Departamento,15,2
427.54,False,19,Casa,12,0
264.61,True,9,Pequeño Comercio,23,1
1030.52,False,15,Casa,10,2
570.65,True,9,Departamento,19,2
476.41,False,14,Pequeño Comercio,10,1
840.84,False,12,Casa,19,2
117.8,False,8,Casa,12,0
258.71,True,8,Casa,18,1
605.47,True,13,Departamento,20,2
240.51,False,9,Departamento,16,0
587.78,True,13,Departamento,19,2
327.72,True,23,Casa,18,0
598.81,False,17,Casa,21,2
741.97,True,25,Casa,20,1
125.43,False,7,Departamento,13,0
286.79,False,11,Casa,10,0
549.37,True,12,Casa,20,2
348.13,True,20,Departamento,18,0
353.95,False,11,Departamento,11,1
535.63,False,9,Casa,10,2
287.12,True,8,Departamento,16,1
382.63,False,5,Departamento,12,2
432.02,True,15,Casa,18,1
248.83,True,12,Departamento,17,0
252.96,False,12,Departamento,13,0
225.75,False,7,Departamento,17,1
659.73,True,13,Departamento,22,2
288.74,True,12,Departamento,18,1
362.68,False,10,Casa,21,2
322.94,True,7,Casa,17,2
269.64,False,8,Casa,11,1
192.41,False,8,Departamento,9,0
273.78,False,9,Casa,20,1
808.01,False,22,Casa,16,1
337.5,False,11,Departamento,17,1
636.81,False,17,Casa,10,1
198.45,True,16,Casa,20,0
328.36,False,13,Casa,22,1
274.96,True,6,Departamento,18,2
284.99,False,15,Casa,16,0
875.28,True,19,Casa,19,2
179.07,True,10,Departamento,20,0
228.72,False,7,Casa,23,1
412.42,False,22,Casa,10,0
283.83,True,14,Casa,19,0
149.9,False,12,Departamento,14,0
287.44,True,10,Departamento,17,1
248.31,False,8,Casa,13,1
221.28,False,8,Casa,15,1
452.76,False,19,Casa,7,0
383.08,True,13,Departamento,19,1
909.69,True,19,Casa,19,2
753.82,False,13,Casa,17,2
508.07,True,12,Casa,19,2
1037.84,False,11,Casa,14,2
1281.17,False,25,Casa,6,1
467.05,True,16,Casa,23,1
574.05,True,15,Casa,20,2
243.61,False,12,Casa,16,0
283.31,False,8,Departamento,8,1
327.68,False,13,Departamento,14,0
121.07,False,13,Casa,22,0
183.22,False,12,Casa,10,0
650.77,False,18,Casa,5,0
162.03,True,8,Casa,15,0
389.61,False,12,Casa,14,1
467.47,True,15,Departamento,14,1
318.35,True,11,Departamento,17,1
247.69,True,10,Departamento,22,1
418.28,False,19,Casa,15,0
441.95,True,7,Casa,18,2
335.27,False,8,Departamento,12,2
281.25,True,11,Casa,18,1
214.6,True,8,Departamento,16,1
241.94,False,11,Departamento,15,0
590.07,False,22,Casa,16,1
429.79,False,21,Casa,12,0
197.43,True,7,Casa,17,1
627.77,False,21,Casa,11,1
179.01,False,10,Departamento,21,0
455.64,False,6,Departamento,15,2
266.36,True,15,Departamento,18,0
625.64,False,11,Departamento,5,2
282.77,False,16,Casa,13,0
244.23,False,7,Departamento,20,1
842.65,False,16,Casa,15,2
209.3,False,10,Departamento,9,0
646.7,False,13,Departamento,12,2
148.49,True,9,Casa,19,0
446.38,True,10,Departamento,17,2
314.72,True,7,Casa,18,2
750.31,False,19,Casa,11,1
602.57,False,6,Casa,9,2
290.07,True,10,Departamento,20,1
373.92,False,9,Casa,15,2
570.9,False,13,Departamento,11,1
355.65,False,8,Casa,15,2
632.95,False,17,Casa,16,2
553.51,False,13,Casa,10,1
774.83,True,17,Casa,20,2
664.4,False,27,Casa,18,1
158.68,True,8,Casa,17,0
728.09,False,14,Casa,14,2
326.42,True,16,Departamento,21,0
162.23,True,10,Casa,20,0
301.47,True,11,Departamento,19,1
222.7,False,8,Casa,10,1
1702.51,True,21,Casa,18,2
313.85,True,8,Departamento,17,2
239.55,True,12,Casa,19,0
672.96,True,10,Departamento,20,2
444.41,False,12,Casa,22,2
531.93,True,15,Departamento,19,1
396.12,False,19,Pequeño Comercio,8,0
321.96,True,18,Casa,20,0
449.54,False,9,Casa,10,2
243.07,False,15,Departamento,14,0
187.22,False,7,Departamento,12,0
316.04,True,9,Departamento,17,1
254.48,False,10,Departamento,15,0
76.95,False,8,Casa,13,0
459.97,False,17,Casa,19,1
955.09,False,17,Departamento,15,2
742.12,True,9,Departamento,23,2
329.75,False,14,Casa,17,0
856.07,False,14,Departamento,22,2
713.11,False,15,Casa,16,2
285.16,False,7,Casa,9,1
213.12,True,6,Casa,17,1
228.94,True,11,Casa,15,0
726.02,True,14,Casa,16,2
716.32,False,12,Casa,10,2
94.59,True,3,Departamento,16,1
643.65,True,20,Casa,20,1
410.1,False,15,Casa,17,0
386.25,False,14,Casa,10,0
324.93,False,13,Departamento,14,1
887.95,True,15,Casa,17,2
279.8,True,8,Casa,19,1
898.74,False,14,Casa,11,2
463.31,False,7,Departamento,8,2
260.0,True,13,Casa,20,0
171.53,False,7,Casa,0,0
361.44,True,8,Departamento,23,2
716.26,False,12,Casa,18,2
149.77,False,12,Casa,17,0
954.46,True,20,Casa,16,2
949.45,False,12,Casa,5,2
304.85,True,16,Departamento,16,0
357.92,False,8,Departamento,15,2
855.94,False,23,Casa,8,1
439.78,False,11,Casa,13,1
198.79,False,10,Casa,11,0
1676.26,True,17,Casa,21,2
179.36,True,5,Casa,19,2
404.12,False,16,Casa,13,0
530.31,True,17,Casa,22,1
519.77,False,10,Casa,13,2
239.45,False,10,Departamento,11,0
241.22,True,11,Departamento,21,0
546.76,True,17,Casa,22,1
156.87,False,10,Casa,18,0
548.74,False,15,Casa,7,1
331.54,True,8,Casa,20,2
155.19,True,6,Departamento,20,1
461.34,True,15,Departamento,18,1
648.55,False,15,Departamento,15,2
424.2,False,11,Casa,16,1
329.3,True,20,Casa,18,0
628.12,True,19,Casa,17,1
249.07,True,8,Casa,20,1
294.04,True,10,Casa,19,1
207.93,True,14,Casa,20,0
431.34,True,9,Departamento,14,2
450.18,True,18,Departamento,19,1
272.84,True,12,Departamento,17,0
388.69,True,9,Casa,19,2
152.59,True,8,Casa,18,0
140.33,False,12,Departamento,14,0
654.45,False,16,Departamento,16,2
310.48,True,13,Departamento,17,0
221.92,True,14,Departamento,19,0
405.29,True,15,Departamento,18,1
483.63,True,6,Departamento,20,2
651.01,True,25,Casa,17,1
1110.88,True,9,Casa,16,2
901.1,True,18,Casa,21,2
234.13,False,16,Casa,12,0
894.17,False,22,Departamento,12,1
266.85,False,8,Departamento,7,0
350.98,True,7,Departamento,18,2
559.24,False,15,Casa,9,1
174.49,False,13,Departamento,17,0
301.05,False,13,Casa,15,0
536.77,True,10,Casa,18,2
450.3,True,13,Casa,17,1
305.83,False,11,Departamento,13,0
376.33,True,14,Departamento,17,1
460.5,True,14,Casa,20,1
220.4,False,8,Departamento,9,0
412.96,False,12,Casa,18,1
136.88,False,20,Casa,15,0
379.27,True,8,Casa,14,2
524.34,True,15,Departamento,16,1
159.76,True,8,Departamento,18,0
1051.66,False,26,Casa,19,2
240.2,False,8,Departamento,16,1
355.25,False,9,Casa,11,1
146.16,True,11,Casa,18,0
242.25,False,14,Departamento,9,0
538.84,True,11,Casa,20,2
1122.61,True,18,Departamento,18,2
301.8,True,9,Casa,18,1
273.34,False,12,Departamento,13,0
1146.42,True,14,Departamento,20,2
327.94,True,12,Departamento,19,1
366.25,True,14,Departamento,19,1
665.92,False,17,Casa,11,1
335.83,False,14,Casa,12,0
351.31,True,14,Departamento,18,1
419.47,False,9,Casa,14,2
413.39,True,7,Departamento,21,2
504.45,False,10,Departamento,11,2
446.25,True,15,Casa,19,1
727.28,True,11,Casa,21,2
306.74,True,15,Departamento,16,0
293.15,False,12,Departamento,13,0
881.02,True,11,Departamento,18,2
729.97,True,20,Pequeño Comercio,18,1
851.28,False,26,Casa,20,1
211.78,True,17,Casa,19,0
1077.33,False,21,Casa,9,2
405.41,True,13,Departamento,20,1
530.55,True,7,Departamento,19,2
846.93,True,17,Casa,18,2
731.58,False,30,Casa,8,0
406.73,False,12,Departamento,18,1
220.51,True,9,Departamento,19,0
457.16,True,12,Departamento,23,2
365.71,False,17,Casa,7,0
591.2,True,27,Casa,20,0
272.39,False,14,Departamento,13,0
394.01,True,12,Pequeño Comercio,21,1
300.79,True,9,Departamento,13,1
543.82,False,23,Casa,19,0
1385.16,False,27,Casa,12,2
1571.23,True,21,Casa,17,2
505.81,True,18,Casa,19,1
755.64,True,17,Departamento,21,2
240.83,True,8,Departamento,22,1
446.03,True,14,Departamento,19,1
280.17,False,8,Casa,12,1
192.19,False,11,Departamento,14,0
511.22,False,10,Casa,6,1
280.8,False,10,Casa,14,1
436.33,False,15,Departamento,16,1
509.81,True,11,Casa,22,2
663.52,False,19,Departamento,18,1
990.11,True,19,Casa,19,2
572.36,False,16,Casa,10,1
470.26,False,16,Pequeño Comercio,11,1
781.18,True,14,Casa,16,2
458.77,True,13,Casa,20,2
205.29,False,11,Departamento,16,0
508.56,True,13,Casa,21,2
661.49,True,13,Casa,19,2
246.74,False,8,Departamento,12,1
299.13,True,13,Departamento,23,1
676.46,True,14,Casa,20,2
471.38,True,20,Casa,15,0
524.67,False,10,Departamento,16,2
524.03,True,15,Casa,21,1
722.38,True,26,Pequeño Comercio,18,1
179.91,True,14,Casa,15,0
447.33,True,12,Departamento,17,2
191.21,False,12,Casa,10,0
77.37,False,7,Casa,12,0
934.6843584449618,False,10,Casa,10,0
1020.37,True,26,Casa,19,2
198.95,True,6,Departamento,16,1
324.32,False,9,Departamento,16,1
475.36,True,16,Casa,22,1
363.24,True,14,Casa,20,0
750.65,False,22,Casa,23,1
1035.0,False,24,Casa,10,1
99.36,False,9,Departamento,17,0
947.1,True,18,Casa,19,2
764.69,False,24,Casa,14,1
484.69,False,11,Departamento,19,2
528.74,True,20,Casa,18,1
174.54,False,9,Casa,12,0
145.97,False,12,Departamento,18,0
223.84,False,11,Casa,14,0
603.14,False,28,Casa,16,0
1119.06,True,29,Casa,17,2
511.12,True,7,Departamento,17,2
451.15,False,19,Pequeño Comercio,15,0
1052.66,False,14,Departamento,13,2
201.44,False,10,Departamento,9,0
228.13,False,9,Pequeño Comercio,15,1
480.5,True,16,Departamento,18,1
876.06,False,11,Casa,16,2
608.9,True,21,Casa,22,1
398.54,True,13,Casa,18,1
457.08,True,16,Casa,15,1
308.84,False,12,Departamento,8,1
672.81,False,15,Casa,12,1
954.68,False,22,Casa,16,2
634.96,False,22,Casa,11,0
269.74,True,11,Casa,17,0
574.82,True,12,Departamento,22,2
1033.53,True,22,Casa,20,2
861.37,True,13,Casa,22,2
415.25,True,18,Departamento,19,1
1062.61,False,22,Departamento,15,2
141.63,False,11,Casa,13,0
1112.51,True,18,Departamento,19,2
352.51,False,14,Casa,14,0
303.14,True,9,Casa,17,1
1026.81,False,20,Casa,16,2
378.6,True,14,Departamento,17,1
579.24,True,10,Departamento,16,2
231.02,True,10,Departamento,21,1
561.92,True,11,Casa,16,2
138.88,False,7,Departamento,9,0
776.65,True,22,Departamento,19,1
254.23,False,10,Casa,14,0
306.05,True,17,Departamento,22,0
404.92,False,12,Casa,10,1
303.35,True,11,Departamento,20,1
1206.08,False,24,Casa,12,2
991.41,True,21,Casa,20,2
457.61,False,20,Departamento,19,0
233.03,True,12,Casa,18,0
408.56,False,16,Casa,5,0
569.54,True,15,Casa,17,1
133.81,False,12,Departamento,17,0
485.95,True,8,Casa,20,2
212.39,True,10,Casa,21,0
510.46,False,14,Departamento,18,1
220.87,False,5,Casa,13,2
494.46,True,14,Casa,15,1
261.44,False,8,Casa,5,1
990.73,True,16,Departamento,17,2
392.82,False,17,Departamento,18,0
350.1,False,17,Departamento,21,0
322.34,True,6,Departamento,19,2
259.57,False,16,Casa,13,0
180.85,True,18,Casa,21,0
347.1,False,8,Pequeño Comercio,16,2
793.9,True,21,Pequeño Comercio,16,1
133.45,False,12,Departamento,10,0
128.74,False,11,Departamento,16,0
1206.48,True,19,Casa,21,2
1541.04,True,26,Casa,17,2
1372.89,False,22,Casa,12,2
373.11,True,11,Departamento,18,1
524.34,False,13,Casa,10,1
157.39,True,8,Casa,17,0
574.93,False,16,Departamento,16,1
465.23,False,6,Departamento,15,2
344.99,False,15,Casa,8,0
521.6,False,19,Casa,14,0
666.05,False,13,Casa,10,2
275.83,False,8,Departamento,13,1
117.77,False,9,Casa,12,0
1042.62,False,18,Casa,5,2
628.0,False,16,Casa,6,1
579.93,True,19,Casa,23,1
475.27,False,14,Pequeño Comercio,13,1
953.02,True,13,Departamento,19,2
75.06,False,6,Casa,19,0
229.55,True,7,Departamento,16,1
434.26,False,25,Casa,11,0
271.87,True,9,Casa,20,1
708.52,False,13,Departamento,13,2
870.82,True,20,Departamento,22,2
85.07,False,9,Casa,19,0
237.3,False,10,Casa,11,0
593.88,False,18,Casa,8,1
507.24,True,13,Casa,21,2
351.17,True,12,Casa,18,1
624.93,False,20,Casa,20,1
164.36,False,5,Departamento,8,1
445.43,False,13,Casa,12,1
576.69,False,25,Casa,12,0
391.69,False,19,Casa,12,0
290.89,True,10,Casa,15,1
1078.24,True,14,Departamento,21,2
419.08,True,9,Departamento,18,2
332.01,False,12,Pequeño Comercio,13,1
157.07,False,12,Pequeño Comercio,16,0
228.21,False,10,Pequeño Comercio,15,0
567.43,False,12,Casa,15,2
1695.85,True,21,Casa,19,2
323.61,False,10,Departamento,11,1
771.2,True,15,Departamento,18,2
442.85,True,10,Casa,15,2
473.55,True,8,Casa,22,2
223.45,True,4,Departamento,19,2
480.31,True,23,Casa,17,0
779.62,True,19,Casa,15,1
300.2,True,14,Casa,21,0
206.83,False,10,Departamento,15,0
814.93,True,29,Casa,19,1
353.22,True,9,Departamento,20,2
473.86,False,19,Departamento,12,0
707.38,False,22,Casa,11,1
480.84,True,12,Casa,20,2
99.83,False,8,Pequeño Comercio,11,0
710.33,True,20,Casa,19,1
250.28,True,9,Departamento,18,1
809.22,False,19,Departamento,10,1
1163.95,False,22,Casa,19,2
418.19,False,14,Casa,9,0
265.98,False,13,Casa,15,0
837.48,True,16,Casa,19,2
433.95,True,14,Casa,21,1
192.43,True,10,Casa,18,0
527.22,True,12,Departamento,16,2
500.81,True,12,Casa,18,2
289.65,False,15,Departamento,14,0
249.96,False,9,Casa,13,0
843.87,False,22,Casa,23,2
555.18,True,14,Departamento,22,2
765.07,True,13,Departamento,17,2
522.31,False,16,Casa,19,1
244.7,False,14,Departamento,16,0
186.85,False,17,Departamento,17,0
552.62,True,14,Casa,20,2
1074.52,True,10,Departamento,17,2
403.08,True,13,Departamento,17,1
577.7,False,10,Casa,14,2
768.05,True,23,Casa,15,1
537.83,False,11,Casa,12,2
406.66,True,13,Casa,20,1
1359.17,True,24,Casa,19,2
307.03,False,10,Departamento,9,0
1566.22,True,14,Casa,12,2
513.25,True,12,Casa,18,2
531.03,True,14,Departamento,21,2
694.32,True,11,Departamento,20,2
687.43,False,12,Casa,13,2
259.75,True,6,Departamento,20,2
330.56,True,10,Departamento,18,1
186.35,False,6,Casa,9,0
292.75,False,20,Casa,13,0
400.31,False,14,Casa,6,0
395.3,True,21,Departamento,23,0
320.62,True,8,Departamento,19,2
952.46,False,20,Casa,13,2
531.11,True,20,Casa,22,1
344.8,False,10,Departamento,13,1
135.27,False,13,Departamento,17,0
416.32,True,10,Departamento,19,2
483.91,False,13,Casa,16,2
579.93,True,13,Departamento,18,2
660.91,False,10,Departamento,9,2
826.86,False,14,Pequeño Comercio,4,2
777.91,False,22,Casa,17,1
192.41,False,4,Departamento,14,2
123.18,False,6,Departamento,13,0
679.73,False,17,Casa,18,2
247.36,False,13,Departamento,16,0
762.33,True,18,Casa,21,2
509.95,True,12,Casa,22,2
409.91,True,22,Casa,18,0
739.12,True,12,Departamento,16,2
218.4,True,9,Departamento,16,0
609.64,False,14,Casa,15,2
327.32,True,11,Casa,21,1
459.75,True,14,Casa,16,1
447.24,True,16,Casa,22,1
266.31,True,8,Casa,17,1
549.4,True,13,Departamento,22,2
165.09,False,10,Casa,7,0
316.98,True,7,Departamento,19,2
628.8,False,19,Casa,12,1
1164.9,True,18,Casa,19,2
488.52,False,13,Departamento,14,1
281.81,False,12,Casa,16,0
360.29,True,11,Departamento,19,1
451.17,True,8,Departamento,20,2
403.61,True,13,Casa,19,1
334.59,True,9,Departamento,22,2
580.99,True,19,Casa,16,1
646.35,True,14,Departamento,17,2
620.01,True,20,Departamento,17,1
282.61,False,10,Casa,11,0
543.69,True,11,Casa,18,2
348.51,False,16,Departamento,5,0
665.37,True,14,Casa,18,2
230.82,False,5,Casa,16,2
507.56,False,10,Departamento,16,2
236.28,False,11,Departamento,22,0
336.85,False,12,Casa,16,1
584.72,False,7,Pequeño Comercio,16,2
487.35,False,10,Departamento,12,2
247.04,True,7,Departamento,16,1
342.51,False,11,Casa,16,1
332.69,False,9,Departamento,16,1
684.64,True,19,Departamento,19,2
197.57,False,11,Departamento,14,0
369.18,False,18,Departamento,13,0
207.21,False,5,Departamento,19,2
834.15,True,16,Casa,17,2
835.98,True,17,Departamento,20,2
310.03,True,16,Casa,20,0
219.54,False,13,Departamento,9,0
284.02,False,11,Departamento,14,0
588.78,True,13,Casa,17,2
721.89,True,16,Departamento,17,2
771.98,True,14,Casa,18,2
520.63,False,11,Casa,10,1
473.61,False,23,Casa,10,0
211.5,False,11,Departamento,16,0
924.09,True,20,Casa,18,2
1177.76,False,18,Casa,10,2
195.58,True,6,Casa,20,1
859.59,True,21,Casa,19,2
230.27,False,10,Casa,15,1
147.93,False,7,Departamento,10,0
493.51,True,24,Casa,21,0
456.53,True,8,Departamento,21,2
585.0,False,16,Casa,9,1
443.88,False,16,Pequeño Comercio,11,0
596.39,True,16,Casa,17,1
108.88,False,9,Departamento,0,0
376.83,True,14,Departamento,21,1
395.28,True,14,Casa,21,1
402.99,True,13,Casa,18,1
347.03,True,15,Departamento,21,1
242.35,False,8,Departamento,12,0
984.78,True,26,Casa,17,1
112.4,False,9,Departamento,10,0
235.5,False,5,Departamento,11,2
612.33,False,30,Departamento,9,0
567.45,False,16,Casa,10,1
363.63,False,7,Departamento,6,2
108.07,False,8,Casa,19,0
394.78,True,13,Departamento,16,1
193.98,False,9,Departamento,15,0
292.19,False,8,Departamento,14,1
122.99,False,6,Casa,9,0
270.93,False,11,Departamento,12,0
393.47,True,12,Casa,18,1
652.31,True,8,Departamento,18,2
302.85,True,7,Casa,22,2
245.75,True,6,Departamento,18,2
252.38,False,13,Departamento,9,0
610.99,True,11,Casa,19,2
541.57,True,15,Casa,17,1
472.8,True,15,Departamento,22,1
356.95,False,8,Departamento,14,2
401.02,True,10,Departamento,22,2
739.09,True,18,Casa,17,2
798.48,True,17,Departamento,19,2
354.71,True,15,Casa,19,0
438.61,True,9,Departamento,18,2
743.34,True,13,Casa,20,2
338.14,False,17,Departamento,16,0
309.73,True,10,Departamento,18,1
438.79,True,13,Casa,17,1
165.52,True,8,Departamento,16,0
129.47,True,10,Casa,21,0
333.12,False,15,Departamento,13,0
601.93,True,16,Casa,21,2
644.71,True,25,Casa,17,1
441.15,True,14,Casa,19,1
225.41,True,13,Casa,15,0
205.81,False,18,Casa,13,0
150.45,False,10,Pequeño Comercio,12,0
197.32,True,8,Casa,20,1
972.55,True,18,Pequeño Comercio,20,2
459.83,False,10,Casa,4,1
114.71,False,9,Casa,14,0
466.49,True,10,Casa,16,2
240.22,True,14,Departamento,19,0
774.1,True,16,Casa,19,2
153.69,False,10,Departamento,15,0
368.98,False,12,Departamento,11,1
125.05,True,9,Casa,22,0
662.91,False,12,Casa,8,2
936.57,False,25,Casa,16,2
127.84,False,12,Casa,20,0
1580.6,True,22,Casa,19,2
338.81,True,22,Departamento,23,0
371.03,True,9,Departamento,20,2
1301.02,False,27,Casa,13,2
405.72,True,8,Casa,15,2
278.0,True,8,Pequeño Comercio,19,1
927.9,False,21,Casa,15,2
290.44,False,10,Casa,16,1
622.79,True,11,Casa,22,2
714.24,True,18,Casa,16,1
354.89,True,17,Departamento,20,0
524.65,False,22,Casa,8,0
624.95,False,23,Pequeño Comercio,13,0
720.68,True,9,Departamento,18,2
448.8,True,20,Casa,18,0
379.32,True,14,Departamento,20,1
965.71,True,12,Departamento,17,2
159.14,False,11,Departamento,2,0
630.28,False,24,Casa,16,1
678.14,False,22,Casa,20,1
208.39,False,23,Casa,11,0
265.53,False,17,Casa,9,0
684.51,True,17,Casa,19,2
1356.77,True,28,Casa,21,2
154.31,True,8,Casa,21,0
249.64,False,11,Departamento,14,0
408.88,True,16,Casa,17,1
106.89,False,6,Departamento,7,0
1035.93,False,26,Casa,13,1
216.4,False,12,Pequeño Comercio,11,0
117.77,False,9,Departamento,13,0
412.47,True,11,Departamento,17,1
119.09,False,5,Departamento,21,0
307.19,True,10,Casa,22,1
704.78,True,14,Departamento,21,2
633.59,True,16,Casa,17,2
384.69,False,7,Departamento,14,2
709.66,True,15,Departamento,15,2
579.52,True,18,Casa,13,1
349.75,True,10,Casa,18,1
603.36,False,15,Casa,8,1
283.13,False,19,Casa,12,0
1591.76,False,21,Casa,17,2
224.25,False,14,Departamento,5,0
655.06,True,19,Casa,18,1
535.67,True,12,Casa,16,2
289.92,False,12,Departamento,12,0
484.82,True,23,Casa,16,0
361.88,True,9,Casa,18,2
500.1,False,6,Casa,16,2
1266.25,True,17,Casa,16,2
132.19,False,14,Departamento,13,0
467.08,True,13,Casa,18,1
128.14,True,9,Departamento,16,0
578.22,False,12,Departamento,12,2
572.52,False,9,Casa,13,2
508.47,True,12,Casa,20,2
393.4,True,13,Casa,17,1
365.51,True,11,Departamento,19,1
450.75,False,11,Departamento,7,1
297.22,True,14,Pequeño Comercio,16,0
516.47,True,14,Pequeño Comercio,19,1
551.84,False,11,Departamento,13,2
661.52,True,12,Casa,20,2
507.41,False,8,Departamento,16,2
222.02,False,8,Casa,10,0
153.0,False,13,Departamento,15,0
333.9,False,8,Pequeño Comercio,19,2
90.7,False,8,Departamento,14,0
265.09,False,5,Departamento,19,2
211.35,False,8,Casa,14,0
1033.69,True,11,Casa,18,2
840.88,True,8,Casa,16,2
282.24,True,14,Departamento,22,0
217.97,True,6,Casa,22,2
1161.91,True,19,Casa,16,2
770.37,False,22,Casa,18,1
692.55,True,16,Casa,18,2
169.18,True,9,Departamento,17,0
791.08,True,10,Casa,19,2
341.32,False,20,Casa,12,0
214.6,False,7,Departamento,11,1
300.08,True,9,Departamento,20,1
393.47,False,16,Casa,12,0
110.71,False,8,Casa,19,0
84.29,True,5,Departamento,21,0
717.26,False,18,Pequeño Comercio,15,1
277.54,True,11,Departamento,14,0
138.72,True,6,Departamento,19,0
798.51,True,16,Casa,21,2
144.86,True,7,Casa,18,1
354.63,False,12,Departamento,12,0
613.01,True,14,Casa,18,2
556.97,False,17,Departamento,17,1
714.31,True,10,Casa,14,2
309.46,False,4,Departamento,16,2
133.03,False,5,Pequeño Comercio,17,1
168.86,False,11,Departamento,6,0
432.75,True,9,Departamento,21,2
512.11,False,15,Casa,8,1
491.51,False,11,Departamento,8,1
440.8,True,19,Casa,18,0
324.88,True,10,Casa,20,1
603.11,False,18,Departamento,18,1
557.31,False,21,Departamento,19,1
689.62,True,15,Casa,22,2
250.46,True,12,Departamento,18,0
633.19,False,22,Casa,10,1
494.66,True,13,Casa,21,2
158.57,False,9,Departamento,14,0
115.38,False,7,Departamento,12,0
472.59,False,17,Casa,22,1
543.97,True,11,Casa,17,2
154.71,False,10,Departamento,23,0
512.93,True,12,Departamento,20,2
791.65,False,8,Casa,12,2
395.75,False,13,Casa,15,1
724.81,True,10,Casa,17,2
214.43,True,16,Casa,21,0
223.9,False,7,Departamento,9,1
599.42,True,13,Departamento,19,2
202.25,True,10,Departamento,18,0
179.64,True,6,Departamento,16,1
175.81,True,7,Casa,20,0
138.17,False,8,Departamento,22,0
167.27,False,5,Casa,12,1
296.47,False,12,Departamento,21,1
501.61,True,13,Pequeño Comercio,16,1
302.03,True,14,Departamento,17,0
320.97,True,12,Departamento,18,1
222.95,True,13,Casa,17,0
570.26,True,13,Casa,17,2
309.56,False,10,Departamento,14,1
330.98,True,9,Casa,21,2
243.87,True,13,Casa,20,0
588.18,False,17,Casa,16,1
798.18,False,20,Casa,11,1
172.21,False,10,Departamento,17,0
299.49,True,12,Casa,18,1
489.38,False,7,Pequeño Comercio,16,2
178.33,False,11,Casa,15,0
364.75,False,20,Casa,8,0
202.12,False,9,Departamento,13,0
202.12,True,12,Casa,22,0
400.11,True,13,Departamento,17,1
287.63,False,8,Casa,20,2
608.21,True,8,Departamento,19,2
383.78,False,17,Casa,14,0
598.05,True,14,Departamento,18,2
663.09,False,16,Casa,14,1
254.21,True,15,Departamento,18,0
572.91,True,12,Casa,18,2
672.77,False,11,Casa,17,2
742.82,False,14,Departamento,9,2
366.65,True,12,Departamento,21,1
423.25,True,12,Departamento,16,1
434.77,False,18,Pequeño Comercio,17,0
463.33,True,8,Departamento,20,2
136.02,False,6,Pequeño Comercio,11,0
644.66,False,14,Casa,10,2
321.56,True,11,Casa,19,1
854.99,True,16,Casa,22,2
506.04,True,11,Casa,19,2
146.79,False,8,Departamento,13,0
285.23,False,16,Departamento,17,0
891.02,True,10,Departamento,21,2
432.77,False,10,Departamento,12,1
346.6,True,15,Departamento,21,1
494.1,False,10,Casa,9,1
1714.64,False,19,Casa,10,2
763.01,True,12,Casa,15,2
801.06,True,13,Casa,20,2
185.33,True,17,Casa,16,0
222.46,False,12,Departamento,11,0
605.79,True,13,Casa,23,2
621.57,False,16,Casa,22,2
1230.44,True,23,Casa,18,2
91.37,False,7,Departamento,14,0
195.41,False,8,Casa,3,0
449.35,True,9,Departamento,18,2
1057.7,True,16,Casa,20,2
813.19,True,13,Casa,19,2
534.15,True,12,Casa,19,2
504.53,True,20,Departamento,16,0
448.14,True,11,Casa,17,2
585.84,True,9,Departamento,19,2
874.84,True,16,Departamento,19,2
560.2,False,19,Casa,14,1
731.96,True,12,Casa,17,2
253.24,False,7,Casa,13,1
303.21,False,13,Casa,13,0
103.87,False,13,Casa,14,0
372.75,False,12,Casa,22,1
472.97,True,13,Departamento,20,2
1005.85,False,19,Casa,10,2
783.88,True,15,Casa,19,2
205.65,False,6,Pequeño Comercio,11,1
201.52,False,10,Casa,13,0
387.35,True,9,Casa,17,2
244.51,True,9,Casa,18,1
190.32,False,10,Departamento,15,0
1222.88,True,15,Casa,20,2
235.08,True,12,Casa,19,0
251.99,True,11,Departamento,18,0
232.23,True,13,Departamento,20,0
165.84,False,6,Pequeño Comercio,12,0
558.7,False,11,Departamento,14,2
781.68,True,25,Casa,19,1
565.54,True,15,Departamento,20,2
1052.85,True,20,Casa,17,2
872.64,True,17,Casa,19,2
611.92,True,17,Pequeño Comercio,21,2
500.57,False,11,Casa,19,2
466.33,True,15,Departamento,18,1
235.65,False,7,Casa,10,1
635.78,True,11,Departamento,17,2
259.13,False,7,Departamento,18,2
585.35,True,17,Pequeño Comercio,19,1
1054.35,True,19,Casa,17,2
624.78,True,11,Departamento,14,2
361.08,True,10,Departamento,17,1
199.35,False,14,Casa,14,0
368.01,True,7,Departamento,21,2
420.69,True,24,Casa,19,0
744.69,True,19,Departamento,16,1
254.26,True,7,Casa,17,2
97.49,False,8,Departamento,7,0
862.22,True,15,Casa,19,2
513.88,False,14,Casa,12,1
765.63,True,16,Casa,15,2
378.96,True,17,Departamento,15,0
235.52,False,9,Pequeño Comercio,15,1
850.94,False,15,Departamento,19,2
807.87,False,9,Departamento,16,2
308.86,True,7,Departamento,19,2
673.08,False,8,Casa,16,2
402.36,False,26,Casa,15,0
518.31,True,24,Casa,16,0
189.22,False,11,Casa,12,0
1521.97,True,17,Casa,15,2
570.77,True,10,Departamento,15,2
1736.0676830100172,True,8,Departamento,17,1
141.11,False,11,Departamento,18,0
982.29,False,28,Casa,22,1
613.95,False,26,Departamento,13,0
703.83,True,19,Casa,17,2
511.26,True,12,Departamento,17,2
115.05,True,5,Departamento,14,0
1013.75,False,21,Casa,15,2
294.13,True,11,Departamento,20,1
357.0,True,11,Casa,18,1
624.37,False,21,Casa,16,1
367.49,True,14,Casa,22,1
535.78,True,9,Departamento,17,2
157.48,False,5,Departamento,19,1
125.61,False,7,Casa,18,0
266.44,True,13,Casa,18,0
411.55,True,8,Departamento,18,2
370.75,False,15,Casa,13,0
779.58,True,17,Departamento,21,2
701.88,False,19,Casa,12,1
1298.83,True,23,Casa,17,2
658.55,True,18,Casa,17,1
466.94,False,10,Casa,17,2
1062.14,False,22,Casa,15,2
378.18,False,11,Departamento,17,1
115.82,False,6,Casa,17,0
855.24,False,27,Casa,20,1
1161.98,True,22,Departamento,17,2
303.81,False,12,Casa,16,1
318.89,False,12,Departamento,16,0
168.39,True,12,Departamento,17,0
987.16,True,13,Departamento,18,2
289.33,True,10,Casa,21,1
130.3,False,8,Departamento,12,0
569.32,False,14,Casa,16,1
340.8,True,13,Departamento,17,1
705.36,False,26,Casa,17,1
637.1,True,14,Departamento,22,2
483.37,True,9,Departamento,18,2
899.26,True,11,Casa,19,2
698.22,True,8,Casa,16,2
519.02,False,22,Casa,8,0
422.25,False,12,Departamento,19,1
240.28,True,13,Casa,18,0
249.18,False,9,Casa,15,0
252.67,True,10,Casa,17,0
426.83,True,19,Casa,19,0
574.26,True,25,Casa,21,0
339.92,False,11,Casa,11,0
298.04,False,9,Casa,13,1
499.93,True,14,Casa,16,1
816.04,True,15,Departamento,16,2
509.19,True,17,Departamento,20,1
399.04,False,11,Departamento,18,1
64.21,True,5,Casa,16,0
690.3,False,16,Departamento,11,1
517.3,True,11,Casa,14,2
322.6,False,9,Departamento,11,1
1526.16,True,21,Casa,15,2
1029.09,False,14,Casa,7,2
391.45,True,14,Casa,20,1
345.86,True,5,Departamento,17,2
871.92,True,14,Casa,22,2
548.35,True,14,Departamento,17,2
900.51,True,18,Casa,17,2
711.51,False,15,Casa,14,2
134.86,True,11,Departamento,15,0
283.64,True,10,Casa,20,1
535.75,True,14,Casa,18,2
756.18,True,12,Departamento,19,2
479.2,False,9,Departamento,10,2
548.31,True,14,Departamento,18,2
189.55,True,12,Departamento,17,0
396.09,True,6,Casa,18,2
369.39,True,23,Departamento,17,0
1029.06,True,18,Casa,16,2
286.6,False,10,Departamento,9,0
313.75,True,13,Casa,17,1
208.73,True,12,Departamento,17,0
431.73,True,17,Casa,21,1
348.52,False,12,Casa,9,0
353.24,False,16,Pequeño Comercio,10,0
223.92,False,21,Casa,15,0
552.96,False,19,Casa,12,1
297.33,False,15,Casa,12,0
274.55,False,13,Pequeño Comercio,11,0
888.37,True,27,Casa,15,1
473.35,False,9,Casa,9,2
328.41,False,14,Pequeño Comercio,9,0
667.08,True,19,Departamento,21,1
334.68,True,16,Departamento,15,0
261.07,True,11,Casa,14,0
174.57,False,10,Departamento,17,0
570.82,True,11,Casa,19,2
249.57,False,11,Departamento,13,0
192.0,True,9,Casa,18,0
134.64,True,7,Casa,19,0
209.35,False,8,Departamento,11,0
404.14,False,20,Casa,18,0
238.52,True,8,Casa,18,1
372.56,False,10,Departamento,15,1
207.09,True,14,Casa,20,0
309.7,True,13,Departamento,18,1
512.02,False,8,Casa,15,2
625.62,False,12,Departamento,12,2
821.48,True,15,Casa,17,2
545.57,True,11,Departamento,19,2
719.1,True,13,Departamento,20,2
932.07,False,21,Casa,11,1
236.86,True,8,Pequeño Comercio,20,1
228.05,False,16,Casa,16,0
287.97,True,5,Departamento,18,2
408.53,True,14,Departamento,21,1
412.66,False,11,Pequeño Comercio,11,1
503.74,False,12,Casa,19,2
317.48,True,11,Departamento,18,1
230.7,False,8,Departamento,9,0
346.24,False,10,Departamento,22,1
310.66,False,10,Casa,13,1
144.52,False,8,Departamento,15,0
719.88,False,17,Departamento,13,1
456.82,False,12,Casa,15,1
274.46,True,19,Casa,20,0
1010.29,False,23,Casa,13,2
774.76,False,18,Casa,16,2
989.71,False,10,Departamento,9,2
767.75,True,23,Casa,16,1
168.66,False,11,Departamento,11,0
373.43,False,14,Departamento,15,1
259.68,True,12,Departamento,21,0
431.21,False,13,Casa,19,1
740.75,True,12,Casa,18,2
199.4,True,11,Casa,19,0
556.77,False,10,Departamento,10,2
377.54,True,12,Departamento,21,1
354.1,True,10,Departamento,18,1
371.57,False,11,Casa,15,1
158.58,False,10,Departamento,16,0
149.36,False,17,Departamento,14,0
236.75,True,7,Casa,23,2
416.87,True,15,Casa,19,1
171.46,False,7,Departamento,18,0
545.22,True,11,Casa,21,2
266.21,True,17,Departamento,17,0
799.4,False,11,Casa,15,2
302.89,False,6,Casa,16,2
504.99,True,11,Casa,21,2
297.05,True,12,Departamento,17,0
426.98,True,11,Departamento,15,1
828.21,False,19,Casa,11,1
494.5,False,15,Departamento,11,1
313.69,True,16,Casa,18,0
472.34,False,17,Casa,11,0
895.25,False,27,Casa,13,1
1533.24,True,19,Casa,19,2
413.55,False,8,Casa,11,2
344.36,False,16,Casa,12,0
438.72,True,22,Casa,17,0
798.39,True,21,Casa,21,2
398.86,False,10,Departamento,18,2
529.24,False,21,Casa,13,0
554.98,False,24,Casa,8,0
743.1,True,15,Casa,17,2
773.46,True,20,Casa,15,1
950.1,True,16,Casa,21,2
236.34,False,8,Departamento,11,1
265.32,False,10,Departamento,11,0
197.82,False,15,Casa,3,0
946.79,True,15,Casa,19,2
243.16,True,7,Departamento,16,1
435.79,False,16,Departamento,13,0
963.14,False,24,Casa,3,1
153.51,False,7,Casa,13,0
398.58,False,13,Departamento,16,1
700.54,False,25,Casa,12,0
421.64,True,10,Departamento,15,2
231.0,False,6,Departamento,18,2
261.19,False,10,Departamento,16,1
308.15,False,10,Casa,10,1
612.63,True,17,Casa,18,1
234.11,False,8,Casa,18,1
148.93,True,9,Casa,19,0
1242.82,True,25,Casa,21,2
606.84,False,12,Departamento,15,2
392.42,True,7,Departamento,21,2
107.91,False,9,Casa,12,0
432.45,False,8,Departamento,12,2
365.88,False,12,Casa,13,1
356.9,False,14,Casa,15,0
99.76,False,9,Departamento,16,0
497.26,True,20,Casa,20,1
207.55,True,14,Pequeño Comercio,18,0
757.57,True,11,Casa,18,2
111.07,False,6,Departamento,19,0
1141.51,True,28,Casa,19,2
449.64,True,12,Departamento,16,1
361.96,True,11,Casa,21,1
1056.6,True,13,Casa,21,2
268.13,True,6,Casa,13,2
750.56,True,16,Departamento,21,2
185.81,False,14,Casa,15,0
372.03,False,7,Casa,16,2
317.3,False,8,Casa,15,1
449.78,True,16,Departamento,19,1
50.0,False,4,Casa,15,0
293.41,True,11,Departamento,18,0
405.42,True,13,Casa,21,1
307.69,True,18,Casa,21,0
367.7,True,19,Casa,20,0
462.44,True,20,Departamento,17,0
230.71,False,10,Departamento,10,0
715.76,True,11,Casa,16,2
617.56,False,16,Casa,11,1
586.52,True,17,Pequeño Comercio,18,1
752.18,True,13,Departamento,18,2
332.95,False,8,Casa,14,1
711.32,True,23,Casa,18,1
266.61,False,6,Casa,13,2
361.04,False,10,Departamento,13,1
644.26,True,22,Pequeño Comercio,16,1
541.84,True,10,Casa,19,2
455.41,True,12,Casa,20,1
333.47,True,9,Departamento,20,2
159.71,True,10,Departamento,18,0
174.53,False,8,Casa,10,0
991.13,False,19,Pequeño Comercio,7,2
315.18,False,18,Casa,11,0
336.23,False,10,Casa,19,1
755.92,False,16,Departamento,15,2
720.14,True,14,Departamento,17,2
603.4,False,13,Pequeño Comercio,15,2
616.54,True,10,Casa,18,2
732.52,False,16,Casa,8,1
307.66,True,11,Casa,17,1
1205.06,False,28,Pequeño Comercio,6,1
229.51,True,7,Departamento,19,1
1691.04,True,37,Casa,17,2
363.36,False,10,Casa,17,1
305.46,False,13,Casa,16,0
87.39,True,3,Pequeño Comercio,19,1
220.06,True,7,Casa,20,1
567.12,True,10,Departamento,19,2
378.87,True,8,Casa,17,2
393.83,False,21,Casa,14,0
640.89,True,25,Departamento,20,1
534.13,False,18,Departamento,9,0
902.29,False,23,Departamento,12,1
136.6,True,10,Casa,19,0
462.22,False,21,Casa,12,0
220.45,False,16,Casa,12,0
457.67,True,8,Casa,16,2
435.72,True,18,Departamento,19,1
216.63,False,7,Departamento,16,1
190.76,True,8,Departamento,18,1
1234.31,True,15,Casa,18,2
186.61,False,8,Departamento,11,0
651.38,False,22,Casa,19,1
272.81,False,14,Casa,13,0
191.53,False,5,Casa,16,1
1181.34,False,13,Casa,14,2
333.94,False,12,Casa,16,1
185.74,False,7,Departamento,12,1
337.83,True,9,Casa,16,1
462.83,True,11,Departamento,16,1
1361.82,True,23,Casa,18,2
612.67,True,16,Pequeño Comercio,18,2
115.58,False,7,Departamento,6,0
532.93,True,11,Departamento,19,2
863.84,False,19,Casa,11,1
561.89,False,11,Casa,9,2
307.3,False,10,Casa,7,0
129.98,True,6,Departamento,19,0
528.09,True,10,Departamento,17,2
802.97,True,11,Departamento,16,2
321.63,False,12,Departamento,10,1
758.36,False,13,Casa,19,2
267.24,True,8,Departamento,22,1
215.9,True,9,Casa,20,0
504.76,False,16,Pequeño Comercio,9,0
244.33,True,17,Casa,17,0
593.95,True,11,Departamento,18,2
247.81,False,8,Casa,7,0
330.49,False,14,Casa,15,0
827.77,True,22,Departamento,16,1
461.12,False,12,Departamento,14,1
259.3,True,12,Casa,18,0
349.03,True,13,Casa,17,1
306.1,False,12,Pequeño Comercio,10,0
1483.84,True,24,Casa,18,2
570.08,False,9,Casa,14,2
309.85,True,19,Departamento,20,0
362.39,False,12,Casa,8,1
228.69,False,16,Departamento,10,0
406.37,True,10,Departamento,19,2
520.65,False,20,Casa,18,1
376.45,False,13,Casa,10,1
238.4,True,11,Casa,16,0
202.33,False,13,Casa,19,0
365.73,False,11,Casa,12,1
362.01,False,17,Casa,16,0
260.42,False,9,Departamento,7,0
1351.15,True,19,Casa,19,2
252.13,True,8,Departamento,19,1
478.06,True,10,Casa,18,2
323.58,False,17,Departamento,19,0
426.66,False,16,Casa,17,1
912.39,False,19,Departamento,12,2
898.27,True,14,Casa,16,2
146.29,True,8,Departamento,17,0
1344.54,True,22,Casa,21,2
403.09,False,22,Casa,10,0
309.36,False,5,Departamento,13,2
214.44,True,11,Departamento,14,0
660.62,True,12,Casa,20,2
214.31,False,11,Casa,15,0
295.0,True,18,Casa,21,0
259.41,True,7,Casa,19,2
123.84,False,10,Departamento,15,0
318.41,False,10,Casa,12,1
541.38,False,15,Casa,17,1
828.08,False,10,Casa,9,2
1345.61,False,14,Casa,10,2
422.43,False,13,Casa,11,1
195.16,False,13,Pequeño Comercio,15,0
217.51,True,9,Casa,23,1
739.99,False,18,Casa,15,2
320.6,True,12,Departamento,19,1
336.18,True,18,Departamento,23,0
310.56,False,7,Casa,15,2
246.23,True,13,Departamento,20,0
555.33,False,14,Departamento,14,1
493.43,False,11,Departamento,19,2
1352.52,True,29,Casa,22,2
674.3,False,13,Casa,13,2
363.12,False,7,Casa,22,2
1018.91,False,24,Casa,17,2
257.66,False,7,Departamento,10,1
245.65,True,12,Casa,17,0
305.3,True,12,Departamento,16,0
1120.66,False,20,Casa,20,2
687.46,True,10,Departamento,20,2
136.59,False,6,Departamento,17,0
149.45,False,10,Departamento,11,0
408.41,True,15,Departamento,19,1
1328.58,False,25,Casa,10,2
1197.78,True,23,Casa,17,2
314.22,False,10,Departamento,12,1
445.09,True,11,Departamento,19,2
325.73,True,10,Departamento,18,1
301.25,False,8,Departamento,17,1
830.18,True,15,Departamento,21,2
151.09,False,8,Casa,12,0
517.52,True,11,Casa,19,2
280.75,True,14,Departamento,16,0
921.67,True,13,Casa,18,2
452.41,False,14,Departamento,9,1
760.76,False,17,Pequeño Comercio,8,1
1312.27,True,17,Casa,16,2
229.63,True,13,Departamento,19,0
141.94,True,11,Casa,15,0
296.78,True,9,Casa,20,1
159.02,False,12,Departamento,19,0
402.79,False,12,Departamento,8,0
815.72,True,14,Casa,17,2
590.29,True,16,Pequeño Comercio,15,1
504.02,False,18,Casa,11,0
577.21,True,13,Casa,17,2
310.78,True,13,Pequeño Comercio,19,1
704.88,False,18,Casa,21,2
1037.92,False,16,Departamento,15,2
543.49,False,13,Pequeño Comercio,10,1
890.4,True,9,Casa,16,2
212.57,True,10,Departamento,17,0
482.86,False,16,Departamento,12,1
448.4,True,15,Departamento,19,1
432.56,True,12,Casa,20,1
1029.05,False,14,Departamento,16,2
1130.02,True,15,Casa,21,2
151.74,True,8,Casa,20,0
1481.63,False,23,Casa,13,2
354.59,False,8,Departamento,16,2
585.57,False,13,Departamento,17,2
293.46,False,21,Casa,15,0
1522.89,True,20,Casa,17,2
306.61,False,14,Departamento,16,0
186.5,False,8,Pequeño Comercio,20,0
474.75,True,11,Departamento,19,2
886.43,True,13,Departamento,19,2
100.15,True,10,Departamento,14,0
337.31,True,10,Casa,17,1
478.63,True,25,Casa,18,0
710.69,False,17,Casa,17,2
1590.12,True,20,Casa,17,2
366.46,True,11,Departamento,19,1
461.21,False,16,Casa,5,0
165.63,False,11,Casa,8,0
375.92,True,13,Departamento,21,1
397.37,False,13,Casa,14,1
591.91,False,12,Casa,5,1
149.59,False,13,Departamento,10,0
249.63,True,9,Casa,18,1
409.49,False,15,Casa,14,0
596.89,False,16,Casa,17,1
680.99,False,10,Casa,8,2
311.32,True,11,Departamento,17,1
1077.12,True,31,Casa,14,1
161.28,True,4,Casa,19,2
245.15,True,13,Departamento,17,0
427.18,True,15,Casa,19,1
263.9,False,14,Casa,13,0
626.56,True,14,Departamento,16,2
574.12,False,8,Casa,12,2
365.97,False,8,Casa,13,2
212.43,False,8,Pequeño Comercio,11,1
154.35,False,10,Departamento,18,0
285.48,False,13,Departamento,14,0
378.15,True,13,Casa,19,1
129.57,False,5,Casa,21,1
200.36,False,6,Casa,12,1
548.75,False,21,Casa,7,0
412.66,False,18,Departamento,10,0
767.23,False,13,Departamento,12,2
377.16,False,20,Casa,9,0
317.89,False,10,Departamento,16,1
181.33,True,11,Casa,20,0
240.77,False,7,Casa,12,1
167.77,True,8,Departamento,20,0
579.51,True,29,Casa,19,0
183.73,False,8,Casa,16,0
236.06,False,6,Departamento,14,1
129.72,False,7,Departamento,11,0
628.22,True,14,Pequeño Comercio,19,2
325.74,True,20,Departamento,19,0
156.91,True,11,Departamento,20,0
351.68,False,14,Casa,17,1
534.84,True,15,Departamento,19,1
272.44,True,12,Casa,17,1
756.66,True,16,Casa,14,2
868.99,True,16,Casa,18,2
377.83,False,25,Casa,12,0
360.26,False,15,Casa,16,0
413.28,True,13,Casa,18,1
509.34,True,12,Casa,20,2
260.31,True,16,Casa,22,0
140.39,True,13,Pequeño Comercio,17,0
315.73,True,19,Departamento,20,0
274.21,True,12,Casa,17,0
817.42,True,19,Casa,19,2
540.24,False,11,Departamento,12,2
210.14,True,13,Casa,16,0
302.98,True,9,Casa,19,1
280.35,True,12,Casa,21,1
357.52,True,10,Casa,19,1
534.84,False,13,Departamento,13,2
449.52,False,10,Casa,12,1
256.04,False,11,Departamento,17,0
270.98,True,12,Casa,17,0
266.42,False,20,Departamento,16,0
451.79,False,18,Departamento,11,0
431.18,True,13,Casa,19,1
389.98,True,10,Departamento,20,2
281.83,True,13,Casa,19,0
461.79,False,16,Departamento,13,0
269.95,False,6,Casa,17,2
901.87,False,15,Casa,17,2
278.09,False,10,Pequeño Comercio,16,1
324.54,True,18,Casa,19,0
279.82,True,14,Casa,17,0
279.88,False,13,Casa,21,0
101.0,False,7,Departamento,11,0
174.71,False,12,Casa,12,0
265.24,False,11,Departamento,7,0
338.24,False,15,Departamento,12,0
200.03,False,9,Departamento,18,0
293.33,True,12,Casa,19,0
933.9,False,24,Casa,20,2
322.09,True,10,Departamento,21,1
595.79,False,14,Departamento,17,2
254.09,False,11,Casa,21,1
779.59,False,23,Casa,19,1
897.56,True,21,Casa,19,2
724.91,False,18,Casa,20,2
246.44,False,10,Pequeño Comercio,11,0
965.28,True,19,Casa,16,2
1110.74,True,16,Casa,19,2
458.38,False,11,Casa,15,2
199.88,False,9,Casa,14,0
236.18,False,12,Casa,12,0
707.07,False,25,Casa,7,0
328.71,True,7,Departamento,23,2
346.74,False,19,Departamento,13,0
195.56,False,11,Casa,13,0
239.81,True,11,Casa,17,0
489.56,True,10,Departamento,19,2
523.01,False,11,Departamento,18,2
827.59,True,19,Casa,19,2
243.87,True,13,Departamento,20,0
273.27,False,7,Departamento,10,1
267.34,False,8,Casa,16,1
250.22,True,10,Pequeño Comercio,19,0
157.45,True,7,Departamento,17,0
308.86,True,6,Casa,21,2
788.43,True,14,Departamento,20,2
453.25,False,11,Departamento,12,1
366.51,False,17,Casa,16,0
597.04,False,19,Casa,15,1
389.57,True,10,Casa,18,2
231.85,False,14,Departamento,8,0
1094.1,False,13,Casa,16,2
180.2,False,7,Departamento,19,1
242.55,True,12,Casa,20,0
736.88,False,20,Casa,12,1
137.41,True,16,Departamento,19,0
1314.16,True,30,Casa,17,2
191.95,False,8,Departamento,13,0
299.48,False,10,Departamento,12,1
203.38,False,4,Departamento,10,2
864.02,False,21,Casa,15,2
324.13,False,8,Casa,9,1
228.95,True,12,Casa,19,0
648.32,True,22,Casa,17,1
457.92,True,12,Casa,16,2
557.26,True,15,Casa,20,2
1468.5,True,30,Casa,16,2
646.59,False,12,Casa,12,2
406.72,False,12,Departamento,16,1
966.32,True,26,Casa,16,1
329.5,False,15,Casa,18,0
210.92,False,10,Departamento,16,0
334.84,True,16,Departamento,16,0
1004.98,True,16,Casa,15,2
307.82,True,10,Departamento,15,1
218.49,True,12,Departamento,18,0
342.76,False,9,Pequeño Comercio,9,1
595.05,False,11,Casa,21,2
249.04,False,11,Departamento,17,0
162.62,False,11,Departamento,5,0
168.21,True,9,Casa,21,0
991.75,True,15,Casa,16,2
841.16,False,15,Departamento,13,2
306.16,False,10,Departamento,20,1
874.05,True,11,Departamento,14,2
660.93,True,15,Casa,19,2
631.69,False,10,Departamento,12,2
394.82,True,12,Departamento,14,1
1437.92,True,14,Pequeño Comercio,16,2
836.58,True,16,Casa,20,2
262.97,False,14,Casa,15,0
1294.85,True,14,Departamento,17,2
322.23,True,11,Departamento,16,1
676.16,True,13,Casa,19,2
215.8,False,13,Departamento,10,0
817.72,True,11,Casa,19,2
421.75,True,13,Casa,19,1
615.73,True,19,Pequeño Comercio,19,1
563.12,False,13,Casa,12,2
384.43,True,10,Pequeño Comercio,18,2
998.36,False,22,Casa,17,2
231.65,False,12,Casa,14,0
621.6,False,16,Casa,12,1
500.01,True,8,Departamento,21,2
535.32,True,11,Departamento,16,2
209.95,False,9,Departamento,8,0
1042.28,False,14,Casa,13,2
299.22,False,19,Casa,14,0
360.25,True,9,Departamento,17,2
1115.9,True,16,Departamento,20,2
222.53,False,12,Departamento,17,0
507.88,False,12,Departamento,18,2
607.06,False,16,Casa,20,2
593.54,False,9,Casa,11,2
403.85,False,8,Casa,5,1
957.47,True,25,Casa,17,1
260.81,False,8,Departamento,8,1
452.15,True,7,Departamento,23,2
1448.84,False,17,Casa,12,2
1019.61,True,16,Departamento,20,2
325.04,False,11,Casa,20,1
245.04,True,9,Casa,16,1
207.32,False,8,Casa,13,0
584.85,True,25,Casa,18,0
214.55,False,11,Casa,10,0
493.38,True,14,Departamento,19,1
361.49,False,10,Casa,12,1
404.67,True,9,Casa,17,2
1008.17,True,18,Casa,18,2
1410.0,False,18,Casa,13,2
417.31,True,9,Casa,21,2
227.79,False,10,Departamento,18,0
180.62,False,12,Departamento,1,0
180.51,False,7,Departamento,9,0
735.1,True,14,Casa,22,2
467.58,False,17,Pequeño Comercio,12,1
1011.08,True,11,Casa,18,2
170.73,True,9,Casa,21,0
837.63,True,10,Casa,22,2
315.57,False,12,Departamento,16,1
717.14,False,19,Casa,13,1
620.84,True,8,Departamento,16,2
439.37,False,20,Casa,13,0
370.35,False,8,Casa,18,2
243.22,False,12,Casa,11,0
183.32,True,8,Casa,18,1
1067.52,False,17,Casa,8,2
535.62,True,17,Casa,21,1
187.61,False,11,Departamento,7,0
504.5,False,17,Casa,9,1
421.83,True,12,Departamento,18,1
416.25,True,5,Departamento,19,2
570.59,False,24,Pequeño Comercio,16,1
190.13,False,12,Casa,14,0
312.3,True,7,Departamento,20,2
435.6,False,8,Casa,11,2
761.48,True,15,Casa,21,2
493.46,False,15,Casa,14,1
208.73,True,7,Casa,21,1
206.46,False,13,Casa,9,0
689.68,True,10,Casa,20,2
309.19,True,9,Departamento,19,1
556.22,False,18,Casa,16,1
1013.54,False,29,Casa,18,1
689.5,True,15,Casa,17,2
636.1,True,13,Casa,18,2
257.58,True,11,Departamento,18,0
1053.82,False,11,Casa,13,2
209.18,False,9,Departamento,13,0
950.41,True,20,Casa,19,2
150.41,False,7,Pequeño Comercio,18,0
479.77,False,11,Departamento,21,2
295.13,False,7,Casa,15,2
452.66,True,17,Casa,17,1
166.65,False,11,Pequeño Comercio,12,0
752.59,True,20,Casa,23,2
804.53,True,19,Casa,19,2
548.38,False,12,Casa,21,2
498.35,True,11,Departamento,19,2
980.87,False,20,Casa,11,2
304.75,True,16,Casa,18,0
409.16,True,21,Departamento,19,0
289.85,True,11,Casa,22,1
569.84,False,7,Departamento,11,2
713.68,True,16,Casa,20,2
427.98,False,15,Departamento,5,0
330.32,False,13,Casa,20,1
247.22,False,14,Casa,11,0
757.03,True,14,Casa,17,2
416.41,False,4,Departamento,14,2
427.42,False,11,Departamento,6,1
182.38,False,6,Departamento,18,1
210.01,True,10,Departamento,20,0
233.35,False,11,Casa,14,0
181.08,False,12,Departamento,13,0
353.34,True,12,Casa,14,1
172.35,True,9,Departamento,20,0
540.88,False,16,Casa,15,1
403.7,False,18,Casa,9,0
201.17,False,11,Casa,14,0
836.93,False,18,Casa,17,2
344.16,False,17,Casa,12,0
710.44,False,19,Casa,14,1
392.86,True,11,Casa,19,1
468.79,True,20,Casa,19,1
635.18,True,14,Departamento,17,2
242.6,False,7,Departamento,21,1
280.18,False,7,Casa,14,1
218.55,True,9,Pequeño Comercio,17,0
376.48,False,8,Casa,15,2
651.3,False,24,Casa,20,1
789.53,True,13,Casa,20,2
432.66,False,24,Casa,11,0
254.76,False,5,Casa,11,2
506.07,False,20,Casa,13,0
148.71,False,10,Casa,17,0
310.85,False,11,Departamento,7,0
444.7,False,16,Casa,19,1
322.32,True,17,Casa,18,0
290.98,True,6,Departamento,17,2
163.95,False,7,Departamento,10,0
460.07,True,14,Departamento,17,1
382.67,False,12,Departamento,9,1
519.94,False,16,Casa,7,0
225.67,True,9,Departamento,19,1
578.94,False,27,Casa,16,0
892.77,True,20,Casa,18,2
439.57,False,15,Casa,12,1
519.27,True,18,Casa,18,1
267.0,False,10,Departamento,11,0
430.2,False,9,Casa,15,2
245.14,True,6,Casa,16,2
247.58,True,15,Casa,14,0
466.12,False,13,Departamento,10,1
259.5,False,7,Casa,12,1
1595.2238951554243,False,7,Departamento,10,1
146.34,True,7,Departamento,16,0
814.54,True,16,Casa,20,2
425.12,False,17,Departamento,12,0
360.95,True,11,Departamento,17,1
157.51,False,12,Casa,16,0
357.08,True,12,Casa,16,1
321.35,False,8,Casa,10,1
430.4,True,8,Departamento,17,2
880.01,False,15,Departamento,16,2
207.53,False,14,Departamento,9,0
332.55,True,12,Departamento,20,1
280.64,True,11,Departamento,17,1
411.87,True,10,Departamento,16,2
597.24,True,14,Casa,20,2
246.43,True,22,Casa,21,0
633.33,True,15,Casa,17,2
182.64,False,8,Departamento,18,0
405.09,True,11,Casa,18,1
193.73,True,12,Departamento,16,0
436.37,False,10,Departamento,12,1
215.51,False,10,Pequeño Comercio,15,0
496.65,True,17,Casa,17,1
274.21,True,10,Casa,18,1
597.89,True,13,Casa,18,2
264.08,False,8,Casa,15,1
407.71,True,17,Departamento,18,1
642.5,False,13,Departamento,16,2
669.07,False,14,Departamento,20,2
1202.24,True,19,Casa,17,2
404.57,False,13,Departamento,8,1
546.06,True,12,Departamento,21,2
515.77,False,19,Casa,6,0
179.5,True,7,Departamento,18,0
637.31,False,8,Departamento,14,2
202.06,True,8,Casa,19,1
459.86,False,14,Departamento,10,1
741.46,True,17,Casa,16,1
746.49,True,23,Pequeño Comercio,19,1
672.97,True,12,Casa,21,2
538.67,True,13,Departamento,18,2
90.67,True,13,Casa,17,0
398.94,True,14,Departamento,18,1
223.64,True,9,Casa,16,0
271.63,False,12,Casa,16,0
274.88,False,12,Casa,10,0
1109.22,True,14,Casa,19,2
929.47,True,13,Casa,18,2
444.14,True,17,Casa,22,1
154.66,True,7,Casa,20,0
1076.95,True,18,Departamento,19,2
247.79,False,16,Casa,10,0
135.46,True,4,Casa,17,1
715.48,True,20,Departamento,19,1
849.56,False,22,Casa,17,2
245.48,True,10,Departamento,18,0
138.27,False,7,Departamento,22,0
168.08,True,8,Departamento,21,1
770.85,False,15,Casa,15,2
1037.6,True,16,Casa,18,2
478.52,False,11,Pequeño Comercio,8,1
685.79,True,11,Departamento,18,2
947.89,True,17,Departamento,17,2
363.51,False,14,Casa,19,1
706.42,False,15,Departamento,20,2
505.85,True,21,Casa,22,1
486.96,False,17,Departamento,21,1
406.18,False,19,Casa,17,0
202.65,False,7,Casa,13,1
238.69,True,9,Departamento,19,1
1367.36,True,26,Departamento,20,2
311.53,False,10,Casa,18,1
455.54,False,11,Departamento,9,1
232.14,False,10,Casa,21,0
248.36,False,6,Departamento,8,1
405.16,True,18,Departamento,21,0
477.25,True,12,Departamento,18,2
1378.38,False,17,Casa,20,2
378.8,True,14,Casa,19,1
703.74,True,20,Casa,17,1
483.55,True,11,Departamento,21,2
705.5,False,27,Casa,18,1
429.78,False,10,Departamento,21,2
151.18,False,11,Casa,12,0
171.88,True,10,Departamento,19,0
591.65,True,18,Departamento,18,1
723.07,False,16,Casa,16,2
1674.04,True,27,Casa,15,2
1568.16,False,18,Casa,6,2
815.36,True,15,Casa,21,2
525.47,True,10,Casa,18,2
392.71,True,18,Casa,22,0
1145.29,False,15,Casa,16,2
74.08,True,9,Casa,19,0
417.3,False,9,Departamento,11,1
607.16,True,16,Departamento,18,2
548.43,False,12,Departamento,16,2
582.12,False,17,Casa,18,1
446.62,True,21,Casa,19,0
304.34,False,19,Departamento,17,0
188.43,False,8,Casa,14,0
863.59,False,19,Casa,21,2
716.74,True,16,Departamento,15,2
245.21,False,9,Departamento,12,0
476.06,False,20,Casa,14,0
293.71,True,15,Departamento,20,0
407.2,False,14,Casa,5,0
803.67,True,26,Casa,13,1
297.64,False,9,Departamento,14,1
139.4,False,8,Casa,15,0
468.53,True,11,Casa,20,2
413.39,False,15,Pequeño Comercio,15,1
237.95,False,6,Casa,10,1
186.11,True,5,Departamento,18,1
216.89,True,8,Departamento,13,1
566.85,True,10,Departamento,18,2
380.47,False,17,Casa,20,0
423.94,False,15,Departamento,15,1
193.94,False,10,Departamento,15,0
544.36,False,19,Casa,19,1
605.12,False,14,Casa,8,1
290.7,False,14,Casa,7,0
224.2,True,12,Casa,18,0
611.93,True,13,Departamento,15,2
118.24,False,7,Departamento,10,0
691.91,True,17,Casa,19,2
130.27,False,10,Casa,14,0
370.38,True,16,Casa,18,0
366.37,False,11,Casa,11,1
407.89,True,15,Departamento,18,1
399.21,False,13,Departamento,11,0
211.09,True,8,Departamento,20,1
181.51,False,10,Departamento,13,0
262.8,False,10,Casa,15,1
307.07,False,13,Casa,14,0
367.5,False,10,Departamento,13,1
294.83,False,13,Casa,17,0
303.64,True,9,Casa,18,1
385.02,True,10,Casa,21,2
474.24,False,12,Departamento,7,1
436.37,False,5,Departamento,8,2
840.96,False,17,Casa,20,2
335.41,True,13,Departamento,17,1
461.54,False,14,Departamento,12,1
802.53,True,17,Casa,20,2
1075.89,True,16,Casa,16,2
433.59,True,19,Departamento,19,0
315.42,False,17,Casa,17,0
401.76,False,12,Casa,20,1
1258.33,False,23,Casa,10,2
317.86,True,7,Casa,16,2
1009.23,False,24,Casa,20,2
296.02,False,9,Casa,11,1
414.39,True,9,Departamento,19,2
365.86,True,10,Departamento,18,1
168.58,True,11,Departamento,17,0
388.38,False,15,Departamento,10,0
244.12,True,10,Casa,18,1
1012.1,True,14,Casa,20,2
1046.68,True,12,Casa,14,2
170.23,False,7,Pequeño Comercio,13,0
1033.49,False,23,Casa,19,2
451.17,True,11,Casa,18,2
696.45,False,23,Departamento,9,0
591.64,False,17,Casa,16,1
790.55,True,23,Casa,18,1
316.57,False,10,Casa,8,0
473.23,False,17,Casa,11,0
760.99,True,13,Casa,17,2
380.45,False,10,Casa,20,2
537.91,True,11,Casa,17,2
519.74,False,12,Casa,16,2
250.95,False,13,Departamento,10,0
382.48,False,13,Departamento,16,1
267.33,False,12,Casa,18,0
612.97,True,14,Departamento,21,2
166.28,False,10,Casa,11,0
427.44,False,13,Departamento,17,1
335.42,False,5,Departamento,17,2
430.57,False,14,Casa,10,1
314.47,False,13,Casa,7,0
397.84,True,18,Casa,20,0
262.65,False,9,Departamento,13,1
255.23,True,10,Departamento,21,1
516.64,False,12,Pequeño Comercio,7,1
303.08,True,12,Casa,21,1
283.54,True,8,Departamento,19,1
1074.77,True,14,Casa,18,2
756.01,False,11,Casa,16,2
431.69,True,10,Casa,20,2
377.25,False,15,Casa,11,0
857.75,False,15,Departamento,14,2
233.74,True,15,Casa,21,0
1659.82,False,21,Casa,14,2
575.83,False,18,Casa,11,1
419.12,False,8,Casa,9,2
122.51,True,7,Casa,21,0
123.75,False,8,Casa,14,0
653.49,True,18,Casa,19,2
784.84,True,22,Casa,23,2
266.09,False,13,Departamento,15,0
976.11,True,14,Casa,21,2
409.13,False,22,Pequeño Comercio,17,0
157.85,False,11,Casa,10,0
312.59,True,15,Departamento,19,0
594.98,False,8,Departamento,18,2
157.03,False,8,Departamento,6,0
382.24,False,15,Casa,12,0
352.43,True,11,Casa,15,1
192.25,False,13,Departamento,15,0
362.79,False,14,Departamento,19,1
706.27,True,12,Casa,18,2
348.63,True,10,Departamento,20,1
365.64,True,12,Casa,13,1
413.8,False,14,Casa,14,0
284.91,True,14,Casa,17,0
457.17,False,17,Casa,13,1
186.88,False,14,Casa,18,0
283.26,False,18,Departamento,9,0
1220.35,True,19,Casa,17,2
642.47,True,14,Casa,17,2
190.57,True,12,Departamento,16,0
492.75,True,11,Departamento,18,2
350.48,False,17,Departamento,13,0
708.33,False,24,Casa,14,1
325.79,False,10,Departamento,5,0
387.78,True,10,Casa,18,2
251.61,False,10,Departamento,15,0
141.71,False,10,Departamento,10,0
276.55,True,9,Departamento,18,1
783.67,True,11,Casa,16,2
948.41,False,25,Casa,9,1
145.56,False,7,Casa,7,0
294.23,False,13,Casa,15,0
1174.0,True,23,Casa,18,2
1352.37,False,14,Casa,19,2
617.23,False,13,Casa,16,2
823.56,True,8,Casa,21,2
679.25,True,13,Pequeño Comercio,19,2
93.43,False,8,Departamento,13,0
714.45,True,17,Departamento,17,2
635.64,False,13,Casa,9,1
989.4,False,15,Casa,16,2
513.69,True,17,Departamento,19,1
513.53,True,13,Departamento,18,2
971.58,True,17,Casa,17,2
415.31,False,6,Casa,7,2
1043.6,False,30,Departamento,23,1
1168.86,False,10,Casa,13,2
306.2,False,17,Casa,20,0
1314.36,False,12,Casa,20,2
486.67,True,11,Departamento,19,2
205.68,False,14,Departamento,20,0
536.5,True,28,Casa,19,0
972.6,True,18,Casa,19,2
377.21,True,12,Departamento,18,1
659.63,False,13,Casa,16,2
1132.64,True,17,Casa,16,2
219.7,False,10,Departamento,3,0
315.61,False,11,Casa,12,1
567.78,True,17,Casa,19,1
479.48,False,16,Pequeño Comercio,16,1
806.7,False,12,Departamento,14,2
147.91,False,6,Departamento,14,0
175.35,False,6,Departamento,12,1
321.79,False,11,Casa,19,1
215.21,False,9,Departamento,9,0
219.52,False,14,Departamento,15,0
648.99,True,16,Casa,18,2
320.91,True,14,Departamento,16,0
558.9,True,11,Casa,21,2
404.3,False,13,Departamento,9,0
378.85,False,24,Casa,5,0
112.34,True,4,Departamento,14,1
489.65,True,21,Casa,18,0
1112.26,True,16,Casa,19,2
292.18,False,14,Casa,16,0
1031.52,True,19,Casa,20,2
495.76,False,11,Casa,9,1
928.17,False,12,Casa,21,2
262.74,False,6,Departamento,11,1
197.65,False,10,Casa,17,0
1149.09,True,15,Casa,19,2
263.39,False,15,Casa,5,0
128.62,True,7,Departamento,18,0
405.97,True,10,Departamento,18,1
136.29,False,12,Departamento,8,0
812.86,False,24,Casa,9,1
234.44,True,14,Departamento,20,0
197.32,False,10,Departamento,8,0
554.67,False,16,Departamento,8,1
484.1,False,8,Casa,12,2
371.57,False,18,Departamento,17,0
230.75,True,7,Departamento,19,1
275.53,True,20,Departamento,19,0
231.11,False,7,Departamento,13,1
246.91,True,11,Departamento,18,0
253.93,False,13,Departamento,12,0
498.57,False,18,Casa,12,0
421.41,True,12,Casa,19,1
270.79,True,16,Casa,18,0
572.21,True,14,Departamento,16,2
409.29,True,9,Departamento,18,2
447.88,False,16,Casa,19,1
243.61,True,8,Departamento,19,1
1151.09,False,21,Casa,15,2
1585.92,True,19,Casa,15,2
695.01,True,15,Departamento,19,2
462.23,True,13,Departamento,15,1
638.19,False,14,Casa,11,2
656.77,False,11,Casa,7,2
565.38,True,12,Casa,18,2
364.17,False,11,Departamento,15,1
676.22,True,10,Casa,18,2
254.89,True,10,Departamento,20,1
693.91,False,17,Casa,12,1
353.24,True,7,Departamento,21,2
479.53,True,6,Departamento,22,2
466.89,False,13,Departamento,21,1
475.14,True,13,Departamento,17,1
386.26,True,14,Casa,17,1
508.55,True,12,Casa,22,2
283.23,True,11,Departamento,21,1
814.99,True,16,Departamento,18,2
229.56,True,8,Departamento,20,1
111.02,False,6,Departamento,16,0
712.07,True,10,Departamento,18,2
677.6,False,25,Casa,15,1
1278.54,False,27,Casa,9,2
319.48,False,9,Departamento,10,1
216.17,False,12,Pequeño Comercio,9,0
129.48,False,9,Departamento,18,0
103.81,True,9,Casa,15,0
333.57,True,13,Departamento,19,1
164.71,True,8,Casa,21,0
564.24,False,24,Pequeño Comercio,12,0
843.09,True,27,Departamento,19,1
289.76,True,14,Casa,18,0
371.43,False,6,Departamento,13,2
1021.82,False,18,Casa,11,2
832.79,False,12,Departamento,15,2
417.61,False,9,Departamento,10,1
84.38,False,4,Departamento,20,0
195.11,True,11,Departamento,20,0
548.0,False,21,Pequeño Comercio,9,0
563.6,True,12,Casa,21,2
299.8,False,14,Departamento,10,0
351.67,True,15,Casa,16,0
849.38,True,12,Departamento,18,2
903.39,False,18,Casa,7,2
186.41,True,11,Departamento,19,0
369.3,True,8,Casa,17,2
570.17,True,12,Casa,20,2
285.46,False,12,Casa,9,0
629.07,False,7,Departamento,16,2
811.76,False,16,Casa,18,2
281.34,True,11,Departamento,16,0
389.23,False,10,Pequeño Comercio,14,1
947.57,False,20,Casa,14,2
753.87,True,19,Casa,17,1
916.98,True,13,Casa,19,2
381.41,True,18,Departamento,18,0
119.26,False,6,Departamento,19,0
513.72,True,13,Casa,22,2
799.79,True,27,Casa,19,1
744.41,True,30,Casa,21,1
1344.37,False,16,Casa,13,2
173.64,True,9,Departamento,22,0
334.58,True,17,Casa,15,0
273.3,False,7,Casa,13,1
381.4,True,10,Casa,19,2
902.63,False,13,Departamento,16,2
258.96,False,9,Departamento,20,1
355.82,False,20,Casa,16,0
321.66,False,13,Casa,9,0
1237.22,False,21,Casa,18,2
629.23,True,9,Departamento,19,2
377.42,True,9,Departamento,18,2
321.72,False,9,Departamento,11,1
335.39,True,10,Departamento,18,1
293.33,True,20,Casa,21,0
982.66,True,20,Departamento,17,2
460.9,True,9,Casa,18,2
179.42,False,11,Casa,13,0
615.8,True,18,Casa,18,1
599.64,False,24,Casa,13,0
567.59,True,21,Casa,18,1
405.34,True,10,Departamento,20,2
342.38,True,8,Casa,19,2
556.12,False,19,Casa,7,0
180.75,False,6,Departamento,18,1
188.73,False,11,Casa,8,0
116.6,False,8,Departamento,22,0
1315.1,True,28,Casa,19,2
211.18,False,10,Casa,21,0
771.71,True,21,Casa,23,2
131.18,True,5,Departamento,18,1
259.31,False,7,Casa,15,1
355.45,True,15,Casa,21,1
569.79,False,12,Casa,15,2
371.89,False,16,Departamento,18,0
575.46,True,20,Pequeño Comercio,17,1
256.79,False,13,Departamento,14,0
779.04,True,12,Casa,19,2
247.86,True,6,Casa,17,2
603.67,True,15,Departamento,15,2
691.91,False,16,Casa,7,1
600.87,False,18,Casa,12,1
363.92,False,21,Casa,13,0
335.57,True,8,Casa,23,2
759.78,True,12,Departamento,16,2
668.16,True,11,Casa,17,2
896.46,True,18,Departamento,18,2
480.41,True,14,Departamento,18,1
290.61,True,12,Departamento,16,0
254.55,True,11,Departamento,17,0
721.04,False,17,Departamento,8,1
973.61,False,33,Casa,15,1
399.13,False,7,Departamento,7,2
286.73,False,15,Departamento,10,0
315.03,True,9,Casa,19,1
556.38,True,10,Casa,19,2
542.46,True,17,Casa,21,1
623.28,True,8,Casa,18,2
1045.76,True,19,Casa,17,2
283.78,False,7,Departamento,14,1
1182.8,True,16,Departamento,19,2
142.78,True,7,Casa,19,0
415.45,False,10,Departamento,12,1
610.22,False,16,Departamento,13,1
376.07,True,9,Departamento,17,2
223.9,True,20,Casa,16,0
309.57,True,11,Casa,21,1
261.36,False,13,Departamento,14,0
740.99,True,13,Departamento,20,2
617.64,False,17,Casa,8,1
458.35,True,11,Departamento,19,2
589.65,False,16,Departamento,4,0
471.5,False,14,Casa,14,1
839.64,False,20,Casa,13,1
241.84,False,11,Casa,13,0
1499.39,True,15,Casa,19,2
483.82,True,20,Casa,20,0
1180.52,False,16,Casa,13,2
487.66,False,18,Pequeño Comercio,8,0
111.42,False,7,Departamento,12,0
985.92,True,28,Casa,16,1
213.09,False,9,Departamento,14,0
699.95,False,13,Departamento,9,2
417.93,True,7,Casa,17,2
510.69,True,10,Departamento,23,2
384.48,False,10,Casa,17,1
382.65,False,16,Departamento,10,0
367.57,False,11,Departamento,20,1
410.77,False,15,Casa,10,0
256.54,True,8,Departamento,16,1
1180.67,False,13,Departamento,19,2
311.98,True,12,Departamento,17,1
973.93,True,20,Departamento,16,2
183.61,False,11,Casa,20,0
252.87,False,7,Departamento,10,1
349.33,False,15,Pequeño Comercio,18,0
271.57,False,8,Casa,15,1
292.7,False,13,Casa,5,0
981.22,True,16,Casa,16,2
825.44,True,18,Casa,18,2
678.56,False,24,Casa,19,1
404.96,True,12,Casa,21,1
597.81,False,12,Casa,15,2
1294.18,False,9,Departamento,17,2
280.27,True,14,Departamento,16,0
464.29,False,13,Casa,7,1
665.09,False,11,Casa,15,2
229.35,False,13,Departamento,10,0
316.38,True,17,Departamento,15,0
261.65,False,9,Casa,14,1
235.8,True,12,Casa,19,0
1339.3,True,19,Casa,20,2
183.96,False,15,Departamento,19,0
620.59,True,24,Pequeño Comercio,21,1
177.07,True,12,Casa,19,0
487.27,True,17,Departamento,19,1
697.67,True,12,Casa,16,2
221.42,False,10,Casa,16,0
485.58,True,9,Departamento,19,2
831.43,True,11,Departamento,16,2
173.46,False,7,Casa,23,1
383.07,False,11,Casa,14,1
484.54,False,14,Casa,8,1
588.34,False,13,Casa,8,1
608.26,True,17,Casa,19,1
967.56,False,15,Casa,17,2
120.82,True,5,Casa,20,0
755.42,False,9,Departamento,16,2
301.89,False,16,Departamento,20,0
269.05,True,9,Departamento,19,1
301.64,False,12,Departamento,12,0
335.06,True,11,Departamento,17,1
190.09,False,11,Departamento,6,0
344.75,False,10,Departamento,12,1
273.33,True,7,Departamento,17,2
339.89,False,9,Departamento,21,2
295.9,True,8,Pequeño Comercio,18,2
651.64,False,25,Pequeño Comercio,11,0
101.7,True,13,Casa,15,0
1440.68,True,16,Departamento,19,2
642.88,False,14,Casa,18,2
490.66,False,13,Departamento,4,1
1158.02,True,25,Casa,20,2
965.25,False,19,Casa,16,2
502.74,True,13,Departamento,21,2
676.51,True,12,Casa,18,2
738.11,True,14,Casa,22,2
109.11,True,14,Departamento,21,0
517.51,False,19,Casa,11,0
161.81,True,9,Casa,23,0
253.55,True,18,Casa,16,0
290.31,True,9,Departamento,17,1
97.74,False,8,Pequeño Comercio,11,0
547.59,True,15,Casa,15,1
442.91,True,13,Departamento,20,1
510.46,False,15,Departamento,4,0
282.41,False,10,Casa,11,1
203.86,False,13,Casa,13,0
356.34,False,10,Departamento,10,1
531.18,False,13,Departamento,13,1
212.24,False,14,Departamento,10,0
385.0,True,11,Casa,17,1
196.22,False,10,Departamento,11,0
143.8,False,11,Departamento,12,0
482.62,False,17,Casa,9,1
310.73,True,7,Departamento,20,2
525.53,False,11,Casa,13,2
533.19,True,13,Departamento,21,2
477.54,False,18,Departamento,11,0
755.75,False,12,Casa,16,2
123.51,False,3,Departamento,17,2
1747.05,True,17,Casa,18,2
162.26,False,14,Departamento,11,0
642.47,False,24,Casa,13,0
986.05,False,13,Departamento,19,2
528.99,False,15,Departamento,16,1
518.29,True,14,Departamento,20,2
426.87,False,21,Casa,22,0
243.65,False,8,Departamento,14,1
588.1,False,21,Casa,14,1
565.75,True,19,Casa,19,1
246.4,False,5,Casa,17,2
280.85,True,9,Departamento,18,1
414.15,False,18,Casa,12,0
319.72,False,9,Departamento,12,1
292.1,False,12,Casa,14,0
391.11,True,10,Casa,17,1
588.35,True,13,Casa,19,2
360.91,False,13,Departamento,14,0
476.58,False,14,Casa,12,1
951.06,True,14,Casa,19,2
208.6,False,6,Casa,5,0
383.98,False,19,Casa,17,0
213.68,False,9,Departamento,16,0
525.31,True,10,Casa,17,2
142.85,False,8,Departamento,13,0
173.03,False,15,Departamento,14,0
307.18,False,15,Casa,12,0
426.34,False,13,Departamento,7,1
419.37,True,10,Departamento,19,2
219.44,True,4,Casa,16,2
214.07,True,11,Departamento,16,0
354.24,False,11,Departamento,17,1
1622.1,True,27,Casa,23,2
1277.86,True,23,Casa,16,2
317.27,False,8,Departamento,17,1
342.16,True,6,Casa,19,2
576.07,True,16,Departamento,21,1
189.96,True,8,Casa,18,1
379.11,False,18,Departamento,12,0
301.71,False,10,Casa,17,1
354.76,True,11,Departamento,18,1
319.93,False,21,Casa,11,0
474.0,False,10,Casa,14,2
601.51,True,10,Departamento,20,2
304.69,False,15,Departamento,10,0
704.41,True,15,Departamento,22,2
157.92,False,7,Departamento,12,0
403.42,False,12,Casa,6,1
886.13,True,20,Casa,20,2
248.91,False,16,Departamento,12,0
695.44,True,25,Casa,18,1
413.18,False,10,Departamento,11,1
242.5,True,4,Casa,20,2
409.27,False,10,Casa,8,1
524.53,True,9,Casa,20,2
193.61,False,7,Departamento,23,1
218.02,True,12,Departamento,22,0
533.46,False,8,Departamento,14,2
455.28,False,9,Casa,14,2
508.88,True,11,Casa,17,2
1135.05,True,25,Casa,17,2
524.67,False,10,Casa,6,1
526.17,True,13,Casa,19,2
838.13,False,18,Casa,14,2
290.71,False,6,Departamento,15,2
403.73,False,19,Casa,18,0
348.52,False,12,Casa,18,1
840.28,True,22,Casa,17,1
262.96,True,11,Casa,18,0
143.5,True,13,Departamento,16,0
420.37,True,12,Departamento,18,1
466.06,True,19,Casa,22,1
445.89,True,15,Departamento,19,1
210.47,True,11,Pequeño Comercio,20,0
149.89,False,6,Departamento,11,0
421.01,True,7,Casa,19,2
519.47,True,21,Casa,16,0
331.38,False,13,Casa,12,1
760.28,True,11,Casa,19,2
537.35,True,16,Casa,16,1
973.1,False,15,Departamento,14,2
418.84,False,10,Casa,8,1
469.72,True,15,Departamento,19,1
458.93,True,17,Casa,19,1
747.22,False,8,Casa,17,2
265.39,True,10,Casa,18,0
877.84,True,17,Pequeño Comercio,19,2
511.51,True,13,Departamento,16,1
726.43,False,18,Pequeño Comercio,11,1
469.57,True,8,Pequeño Comercio,18,2
451.69,False,15,Departamento,9,0
518.95,False,7,Departamento,12,2
206.75,True,8,Casa,18,1
750.67,False,11,Casa,14,2
1108.05,False,31,Pequeño Comercio,8,1
337.55,True,13,Casa,21,1
190.41,False,4,Casa,19,2
220.99,True,15,Casa,16,0
1169.06,False,20,Casa,9,2
203.63,True,11,Casa,17,0
480.1,True,16,Departamento,18,1
717.51,True,15,Casa,20,2
198.93,False,13,Pequeño Comercio,11,0
389.68,False,7,Casa,8,2
889.52,True,24,Casa,17,1
481.65,True,7,Casa,16,2
898.6,True,11,Casa,17,2
325.31,True,12,Casa,17,1
515.08,True,11,Casa,21,2
530.3,True,15,Casa,15,1
385.18,True,13,Pequeño Comercio,16,1
366.3,True,11,Casa,17,1
294.55,False,12,Casa,12,0
1489.79,False,26,Casa,16,2
508.11,False,15,Casa,5,0
337.5,True,19,Pequeño Comercio,21,0
876.94,False,21,Departamento,15,1
695.2,True,13,Casa,23,2
196.56,True,8,Departamento,20,1
821.12,False,16,Casa,13,2
995.97,True,19,Departamento,18,2
764.53,True,23,Casa,17,1
463.16,True,15,Casa,22,1
362.51,True,14,Departamento,18,1
630.57,True,12,Departamento,18,2
946.69,True,14,Casa,16,2
257.8,True,13,Departamento,15,0
1067.16,True,19,Pequeño Comercio,16,2
679.95,False,13,Casa,13,2
437.07,False,11,Casa,15,2
624.02,True,15,Casa,21,2
124.12,False,6,Casa,16,0
210.72,True,9,Casa,23,1
276.91,True,22,Casa,18,0
819.81,False,13,Casa,12,2
368.31,True,10,Departamento,17,1
346.73,True,15,Departamento,18,0
123.63,False,7,Departamento,16,0
252.12,False,16,Casa,7,0
472.67,False,18,Casa,16,1
276.04,True,12,Casa,18,0
289.79,True,19,Departamento,19,0
254.69,True,9,Departamento,22,1
278.94,True,9,Departamento,18,1
953.31,True,21,Casa,17,2
411.83,False,9,Departamento,18,2
383.87,True,10,Casa,18,2
354.04,False,7,Casa,15,2
993.96,False,19,Casa,10,2
636.05,True,18,Departamento,13,1
202.04,False,8,Departamento,7,0
371.58,False,10,Departamento,10,1
386.86,False,16,Departamento,13,0
395.22,False,22,Departamento,15,0
189.26,True,8,Casa,19,0
877.43,True,9,Departamento,17,2
271.54,True,8,Casa,17,1
439.97,False,11,Casa,10,1
554.58,True,8,Departamento,17,2
398.97,True,13,Casa,22,1
587.79,True,17,Departamento,19,1
578.5,False,23,Casa,10,0
1264.56,True,14,Departamento,18,2
591.36,False,10,Casa,14,2
503.2,True,12,Casa,19,2
200.95,False,10,Casa,16,0
206.22,False,12,Casa,14,0
1726.3306733336042,True,10,Departamento,21,1
479.98,True,14,Departamento,19,1
147.45,True,3,Departamento,18,2
588.28,False,25,Departamento,12,0
587.86,True,27,Casa,18,0
413.29,True,14,Departamento,19,1
580.04,False,19,Pequeño Comercio,16,1
443.46,False,8,Casa,11,2
413.74,False,11,Casa,9,1
488.22,True,16,Casa,23,1
560.97,True,15,Departamento,16,1
714.19,True,17,Departamento,17,2
800.61,True,11,Departamento,17,2
163.7,False,7,Departamento,11,0
570.75,False,11,Casa,12,2
333.23,True,14,Casa,22,1
250.99,True,11,Casa,18,0
546.48,False,22,Departamento,13,0
1354.4,True,17,Casa,18,2
586.49,False,17,Casa,2,0
224.47,True,18,Casa,18,0
622.3,True,21,Casa,19,1
392.21,False,17,Departamento,11,0
93.3,False,4,Pequeño Comercio,16,1
375.67,True,8,Departamento,19,2
774.96,True,19,Casa,20,2
453.23,False,12,Casa,13,1
316.72,True,8,Departamento,18,2
447.44,False,12,Departamento,17,1
281.63,True,12,Departamento,20,0
465.37,False,13,Departamento,14,1
400.48,True,13,Departamento,20,1
637.1,True,12,Casa,18,2
1005.69,True,10,Casa,15,2
858.4,False,21,Casa,13,1
482.34,False,10,Casa,18,2
417.13,False,10,Casa,13,1
307.43,True,21,Pequeño Comercio,17,0
452.56,True,19,Departamento,19,1
161.22,True,6,Departamento,16,0
646.0,True,17,Casa,17,2
156.32,False,9,Casa,19,0
771.23,True,14,Casa,18,2
768.25,True,26,Casa,20,1
252.3,True,15,Casa,21,0
481.38,False,16,Casa,11,1
1291.51,False,22,Casa,13,2
328.08,True,11,Casa,18,1
182.11,False,10,Departamento,14,0
637.22,True,18,Casa,18,1
1201.19,True,20,Casa,18,2
157.28,True,8,Departamento,18,0
494.54,True,10,Departamento,21,2
856.18,False,21,Casa,12,1
452.04,False,8,Casa,6,2
474.94,True,19,Casa,21,1
561.8,False,17,Casa,6,0
189.6,True,8,Pequeño Comercio,17,0
347.64,False,12,Departamento,18,1
227.92,True,15,Departamento,21,0
1068.76,True,17,Casa,19,2
288.64,False,18,Casa,11,0
418.51,False,15,Casa,22,1
193.22,False,10,Departamento,12,0
223.95,True,9,Departamento,20,1
664.74,False,14,Casa,15,2
595.41,False,10,Departamento,11,2
396.08,False,15,Casa,10,0
243.69,False,10,Departamento,8,0
261.83,True,10,Departamento,17,0
228.24,False,12,Departamento,16,0
405.09,True,13,Casa,19,1
882.18,False,18,Departamento,11,1
318.2,True,12,Departamento,19,1
409.98,False,17,Casa,9,0
843.37,True,32,Casa,20,1
157.74,True,11,Casa,20,0
740.56,False,11,Departamento,5,2
318.31,True,17,Casa,19,0
468.49,False,16,Casa,14,1
479.64,True,14,Casa,16,1
357.08,False,12,Casa,11,0
394.06,True,10,Casa,15,2
678.61,True,25,Casa,23,1
400.2,False,17,Casa,16,1
478.55,True,10,Casa,18,2
467.76,True,14,Casa,21,1
711.17,False,10,Casa,7,2
162.79,False,5,Departamento,8,1
688.44,False,19,Departamento,12,1
230.56,False,10,Casa,12,0
577.4,True,21,Casa,20,1
727.34,True,12,Departamento,19,2
125.42,False,12,Casa,14,0
185.62,False,7,Casa,12,0
233.9,True,19,Departamento,21,0
598.23,False,14,Casa,13,2
438.28,False,13,Departamento,12,1
859.73,True,12,Departamento,17,2
278.04,False,10,Departamento,11,0
504.59,False,17,Casa,8,0
96.55,False,10,Casa,14,0
701.14,False,8,Departamento,19,2
150.48,False,3,Casa,11,2
293.24,False,12,Departamento,15,0
219.25,True,10,Departamento,18,0
368.55,True,21,Casa,19,0
138.2,False,9,Pequeño Comercio,21,0
309.54,True,11,Departamento,18,1
456.23,False,15,Casa,23,1
625.94,True,15,Casa,14,1
498.98,True,14,Casa,19,1
850.25,False,13,Casa,15,2
173.02,True,8,Departamento,19,0
1027.93,False,15,Casa,19,2
211.71,False,18,Casa,13,0
218.85,False,17,Departamento,6,0
503.73,False,16,Departamento,8,1
385.51,False,11,Departamento,11,1
252.35,False,7,Departamento,8,1
166.69,True,16,Departamento,20,0
527.82,True,16,Casa,14,1
350.16,False,10,Casa,10,1
255.35,False,11,Departamento,12,0
835.92,True,15,Casa,22,2
734.89,True,17,Casa,21,2
259.3,False,13,Departamento,11,0
208.74,True,11,Departamento,17,0
809.41,False,18,Casa,11,1
327.63,True,12,Pequeño Comercio,19,1
160.79,True,12,Casa,18,0
540.73,True,11,Departamento,19,2
215.43,True,9,Departamento,18,1
696.01,True,19,Casa,16,1
252.7,True,12,Departamento,16,0
398.35,True,12,Casa,20,1
504.03,True,10,Casa,17,2
503.39,False,10,Departamento,15,2
335.08,True,11,Departamento,17,1
638.6,False,12,Casa,20,2
177.77,True,12,Departamento,20,0
1042.26,False,22,Casa,22,2
656.93,False,11,Casa,11,2
373.5,False,11,Casa,20,1
209.73,False,14,Departamento,14,0
274.31,False,10,Casa,13,1
173.38,True,8,Pequeño Comercio,19,0
337.74,True,15,Casa,16,0
1111.13,False,27,Pequeño Comercio,20,2
553.1,False,14,Casa,12,1
144.63,True,9,Casa,19,0
451.89,False,13,Casa,10,1
451.32,False,14,Casa,19,1
268.03,False,11,Casa,7,0
277.37,False,21,Pequeño Comercio,20,0
632.29,True,10,Casa,22,2
482.51,False,15,Departamento,7,1
495.59,False,13,Casa,12,1
348.42,True,10,Departamento,18,1
231.95,False,13,Casa,12,0
479.74,True,17,Casa,18,1
712.97,False,11,Departamento,23,2
222.75,False,9,Departamento,17,0
148.26,False,8,Casa,19,0
330.41,True,15,Casa,16,0
622.38,True,17,Casa,18,1
294.06,False,9,Departamento,8,1
325.93,False,9,Departamento,12,1
502.01,False,15,Casa,15,1
287.69,False,12,Casa,12,0
378.97,False,11,Departamento,12,1
354.07,False,10,Casa,15,1
476.38,False,14,Casa,14,1
214.98,False,12,Departamento,13,0
291.72,True,11,Departamento,19,1
311.5,True,11,Casa,21,1
488.76,False,12,Casa,20,2
1035.2,True,21,Casa,18,2
742.01,True,10,Departamento,14,2
959.36,True,24,Casa,19,2
690.79,True,20,Casa,19,1
673.72,True,9,Departamento,16,2
349.57,False,10,Casa,10,1
468.33,False,12,Casa,18,2
791.36,True,14,Departamento,22,2
691.11,True,20,Casa,17,1
258.57,False,11,Departamento,9,0
145.34,False,9,Pequeño Comercio,21,0
1423.85,False,15,Casa,22,2
424.41,False,10,Casa,6,1
281.57,False,16,Casa,19,0
1059.07,False,26,Casa,22,2
341.58,True,6,Departamento,21,2
524.02,False,13,Casa,13,2
499.75,False,11,Casa,15,2
339.74,False,17,Pequeño Comercio,13,0
405.64,False,18,Casa,20,1
232.44,False,14,Casa,9,0
309.01,False,10,Casa,12,1
306.48,True,25,Casa,21,0
632.31,True,14,Departamento,17,2
349.02,True,8,Casa,22,2
541.84,True,12,Casa,21,2
767.81,True,16,Casa,16,2
194.97,True,8,Departamento,17,1
158.62,False,5,Departamento,3,0
339.78,True,12,Casa,22,1
471.2,False,18,Casa,15,0
558.01,False,18,Casa,17,1
1560.14,True,22,Casa,18,2
503.27,True,7,Casa,17,2
432.25,True,16,Departamento,16,1
752.05,False,17,Pequeño Comercio,13,1
554.03,True,21,Casa,18,1
245.95,True,9,Departamento,20,1
164.28,False,7,Casa,10,0
614.83,False,12,Casa,8,2
843.05,False,11,Casa,10,2
344.82,True,9,Pequeño Comercio,19,1
553.12,False,15,Casa,10,1
191.65,True,16,Casa,17,0
379.67,False,12,Casa,10,0
578.08,True,7,Departamento,21,2
403.16,False,9,Pequeño Comercio,11,2
362.95,False,14,Departamento,19,1
371.43,False,14,Casa,14,1
427.19,False,6,Casa,8,2
148.23,False,9,Departamento,11,0
389.28,False,17,Departamento,20,1
292.28,False,9,Departamento,13,1
109.35,False,15,Departamento,19,0
178.83,False,10,Casa,17,0
490.57,False,21,Pequeño Comercio,13,0
373.77,True,11,Casa,19,1
1188.85,True,15,Departamento,21,2
316.18,False,9,Departamento,6,0
485.91,True,12,Casa,16,2
607.43,False,19,Casa,0,0
156.64,True,7,Casa,18,1
190.71,False,9,Casa,14,0
201.25,False,10,Casa,14,0
718.92,True,11,Departamento,20,2
173.51,False,11,Departamento,11,0
498.25,True,11,Casa,18,2
1258.7,True,17,Casa,18,2
424.43,True,14,Departamento,19,1
580.17,True,13,Pequeño Comercio,20,2
978.19,True,15,Casa,17,2
870.56,False,15,Casa,20,2
488.58,False,12,Casa,12,1
144.92,False,11,Pequeño Comercio,17,0
441.91,False,13,Casa,14,1
205.28,False,9,Departamento,12,0
301.62,False,9,Casa,10,1
792.66,True,12,Departamento,17,2
498.24,True,10,Casa,21,2
719.56,False,13,Departamento,14,2
338.34,True,13,Casa,18,1
401.31,True,13,Casa,15,1
618.66,True,13,Casa,20,2
260.57,True,12,Casa,20,1
362.4,True,9,Casa,22,2
582.1,True,16,Departamento,21,2
398.13,False,8,Departamento,12,2
412.73,True,17,Departamento,23,1
330.47,False,7,Departamento,5,1
497.69,False,14,Casa,18,1
208.97,True,8,Casa,18,1
197.96,True,8,Departamento,18,0
460.58,True,16,Casa,19,1
717.91,False,18,Pequeño Comercio,18,1
94.62,True,11,Casa,19,0
847.23,True,15,Casa,17,2
446.26,True,16,Casa,18,1
302.66,False,13,Casa,11,0
148.86,False,13,Departamento,10,0
280.88,False,12,Departamento,15,0
205.25,False,10,Departamento,22,0
385.03,False,15,Casa,8,0
418.98,False,12,Casa,14,1
389.63,True,22,Departamento,23,0
733.8,False,14,Casa,11,2
178.53,False,6,Departamento,19,1
588.86,False,16,Casa,11,1
312.8,True,19,Pequeño Comercio,16,0
683.46,False,13,Casa,15,2
258.25,True,14,Departamento,20,0
612.36,False,21,Casa,13,1
732.45,True,10,Departamento,16,2
496.05,True,14,Casa,18,2
638.5,False,17,Pequeño Comercio,10,1
247.42,True,6,Casa,19,2
428.75,False,21,Casa,20,0
251.04,False,15,Casa,11,0
1048.79,True,26,Casa,18,2
439.97,False,11,Departamento,16,1
895.23,True,23,Casa,19,2
852.99,True,17,Casa,16,2
216.92,True,11,Departamento,21,0
317.38,False,14,Casa,22,1
298.15,False,10,Casa,10,0
648.36,False,24,Pequeño Comercio,23,1
482.99,False,23,Casa,13,0
874.49,True,11,Casa,18,2
764.0,True,25,Casa,19,1
436.49,True,14,Departamento,18,1
272.23,False,7,Departamento,13,1
318.15,True,12,Casa,20,1
505.0,True,14,Departamento,19,1
498.1,True,12,Casa,22,2
539.99,False,14,Casa,17,1
765.27,False,16,Departamento,8,1
138.2,True,7,Departamento,19,0
1132.18,False,24,Departamento,23,2
323.51,False,9,Departamento,14,1
169.52,True,9,Departamento,17,0
356.74,True,13,Casa,19,1
827.72,True,11,Departamento,18,2
384.44,True,12,Departamento,16,1
660.18,True,14,Departamento,16,2
595.44,False,20,Casa,14,1
373.49,False,13,Departamento,11,1
180.76,False,7,Departamento,13,0
551.61,False,9,Casa,13,2
559.95,False,16,Departamento,8,1
419.66,False,15,Casa,13,1
320.92,True,13,Departamento,18,1
785.57,True,13,Departamento,18,2
550.49,False,18,Casa,11,1
254.3,False,13,Departamento,21,0
1040.84,False,24,Casa,14,2
128.04,False,10,Casa,14,0
349.48,True,8,Departamento,18,2
360.36,True,17,Casa,22,1
349.16,False,8,Departamento,18,2
599.88,False,12,Departamento,15,2
628.76,False,21,Casa,15,1
646.54,False,13,Departamento,9,2
367.61,True,10,Casa,18,1
686.11,False,10,Departamento,14,2
612.85,True,8,Casa,19,2
427.37,True,15,Departamento,18,1
851.72,True,25,Departamento,18,1
606.47,True,13,Casa,21,2
356.83,True,18,Casa,19,0
498.22,True,21,Casa,19,0
548.77,False,11,Departamento,23,2
334.75,False,6,Casa,17,2
479.08,True,20,Casa,20,1
1135.22,True,13,Casa,17,2
539.98,True,10,Casa,17,2
283.85,False,13,Departamento,13,0
515.01,True,14,Departamento,18,2
629.07,True,14,Departamento,16,2
220.35,False,10,Casa,5,0
275.83,True,8,Departamento,20,1
127.17,False,9,Departamento,8,0
158.84,False,12,Departamento,14,0
295.96,False,9,Departamento,13,1
576.84,True,16,Departamento,22,2
229.14,False,13,Casa,15,0
609.85,False,15,Departamento,18,2
156.15,False,7,Casa,12,0
678.4,True,21,Casa,20,1
260.88,True,8,Casa,14,1
851.17,True,8,Casa,18,2
365.74,True,12,Departamento,19,1
1596.45,True,21,Casa,17,2
196.6,True,10,Departamento,19,0
217.66,False,12,Departamento,9,0
388.0,False,9,Casa,16,2
582.12,False,19,Casa,13,1
727.79,True,17,Departamento,20,2
238.54,True,13,Casa,18,0
662.98,False,25,Casa,9,0
620.81,False,10,Pequeño Comercio,15,2
245.54,False,10,Casa,12,0
773.22,False,12,Casa,15,2
188.16,False,12,Departamento,14,0
747.57,True,16,Departamento,20,2
275.39,True,10,Casa,23,1
112.8,False,10,Pequeño Comercio,13,0
649.71,True,21,Casa,17,1
717.74,True,12,Casa,18,2
406.1,False,10,Departamento,23,2
193.61,False,6,Departamento,15,1
258.35,False,9,Departamento,11,0
794.93,True,17,Departamento,18,2
655.38,True,18,Casa,17,1
328.12,False,13,Casa,8,0
485.56,False,14,Casa,15,1
119.49,False,6,Departamento,15,0
293.79,False,15,Casa,17,0
533.0,False,12,Departamento,18,2
492.59,False,16,Casa,16,1
384.08,False,16,Departamento,18,1
1340.52,True,27,Casa,18,2
344.37,False,9,Casa,15,1
389.5,True,9,Departamento,19,2
341.19,True,15,Departamento,21,0
637.63,True,13,Casa,20,2
871.85,True,13,Casa,19,2
419.81,False,10,Departamento,23,2
190.71,False,10,Pequeño Comercio,11,0
375.1,False,16,Casa,12,0
222.97,False,9,Casa,13,0
570.41,True,18,Casa,18,1
468.19,True,20,Casa,18,1
314.5,False,11,Departamento,12,1
531.38,False,20,Casa,15,1
425.65,False,14,Departamento,19,1
386.87,False,14,Departamento,14,0
378.67,True,15,Departamento,20,1
160.44,True,8,Casa,19,0
272.38,False,10,Casa,15,1
215.58,True,7,Departamento,20,1
425.17,True,10,Casa,18,2
513.85,True,16,Departamento,16,1
216.47,False,10,Casa,11,0
1156.79,True,16,Casa,20,2
142.86,True,14,Departamento,16,0
320.16,True,14,Departamento,19,0
380.02,False,10,Departamento,9,1
1103.48,False,16,Casa,12,2
229.88,True,9,Casa,20,1
604.82,False,31,Casa,14,0
278.33,False,6,Casa,13,2
343.13,False,18,Casa,13,0
185.36,False,9,Casa,12,0
248.15,False,9,Departamento,14,0
333.32,False,13,Casa,17,1
709.71,True,16,Casa,16,2
413.73,False,13,Casa,11,1
425.08,False,14,Casa,13,1
458.65,True,14,Casa,21,2
784.12,True,13,Casa,18,2
189.23,False,10,Casa,16,0
415.98,False,8,Departamento,5,1
360.74,False,25,Casa,18,0
589.31,True,16,Casa,19,1
197.87,True,13,Casa,17,0
220.17,False,6,Casa,16,1
441.86,False,14,Pequeño Comercio,14,1
471.57,False,11,Casa,18,2
388.61,False,10,Casa,11,1
503.17,True,12,Departamento,17,2
363.79,False,12,Departamento,17,1
226.04,False,8,Casa,9,0
494.81,False,15,Casa,8,1
725.03,True,18,Casa,20,2
340.64,True,14,Casa,20,1
354.9,True,8,Casa,20,2
350.57,True,14,Departamento,18,0
723.57,True,14,Departamento,16,2
322.99,True,10,Casa,17,1
129.01,True,8,Casa,17,0
285.65,True,18,Casa,21,0
683.76,False,13,Departamento,11,2
346.06,False,17,Casa,15,0
333.36,True,12,Departamento,18,1
397.06,False,18,Casa,9,0
452.77,True,11,Departamento,20,2
379.63,False,10,Casa,12,1
361.3,False,12,Departamento,14,0
338.83,False,10,Casa,11,1
154.73,False,9,Departamento,13,0
1585.83,True,20,Casa,20,2
398.12,False,10,Departamento,19,2
233.65,False,8,Departamento,14,1
504.02,True,16,Casa,19,1
243.21,True,7,Casa,20,1
355.0,True,12,Departamento,20,1
238.99,True,8,Casa,14,1
907.2,False,12,Casa,5,2
359.71,False,7,Departamento,9,2
275.59,True,9,Departamento,19,1
368.01,True,9,Casa,22,2
309.46,True,15,Casa,17,0
644.49,False,20,Casa,11,1
1063.21,False,26,Casa,14,1
259.59,True,13,Casa,18,0
366.62,True,8,Departamento,17,2
546.3,True,21,Casa,19,1
237.83,True,8,Departamento,20,1
387.48,True,18,Casa,17,0
236.08,False,6,Pequeño Comercio,8,1
800.67,False,22,Casa,16,1
334.58,False,18,Casa,12,0
491.89,True,16,Casa,19,1
500.98,False,17,Casa,13,1
913.05,False,14,Casa,16,2
915.13,True,23,Casa,17,1
511.19,False,13,Departamento,14,1
467.56,True,21,Casa,17,0
525.97,True,10,Departamento,17,2
480.55,True,12,Departamento,21,2
305.9,True,7,Departamento,22,2
370.2,False,18,Casa,5,0
797.74,False,22,Casa,11,1
347.2,False,14,Casa,14,0
235.99,True,9,Departamento,19,1
246.48,True,5,Departamento,15,2
639.73,True,11,Departamento,21,2
313.0,False,14,Casa,11,0
880.18,False,12,Departamento,9,2
213.64,False,9,Casa,12,0
610.62,True,17,Casa,18,1
523.99,False,19,Casa,10,1
357.65,False,14,Casa,14,1
1034.28,True,26,Casa,20,2
876.98,True,11,Casa,19,2
391.4,False,12,Departamento,10,1
755.38,False,11,Casa,15,2
293.69,True,18,Departamento,18,0
1101.97,True,28,Casa,19,2
562.37,True,16,Casa,19,1
298.44,False,11,Casa,8,0
196.17,False,12,Departamento,8,0
511.65,False,15,Casa,12,1
715.59,False,24,Departamento,19,1
564.69,True,19,Casa,17,1
96.78,False,7,Departamento,14,0
330.13,False,14,Casa,12,0
142.94,False,8,Casa,16,0
406.43,False,12,Casa,9,1
464.17,False,14,Pequeño Comercio,15,1
1288.18,False,20,Casa,11,2
217.1,True,5,Departamento,16,2
806.12,True,14,Casa,17,2
384.94,True,16,Casa,14,0
900.1,False,21,Casa,10,1
447.54,False,11,Casa,12,1
245.37,True,11,Casa,14,0
840.87,False,20,Departamento,12,1
391.77,False,11,Pequeño Comercio,7,1
669.74,True,30,Casa,17,0
1071.87,False,17,Casa,9,2
880.58,True,12,Departamento,16,2
1455.49,True,21,Casa,22,2
159.46,False,12,Casa,5,0
291.1,True,15,Departamento,14,0
310.57,False,13,Casa,8,0
231.6,True,11,Casa,19,0
932.13,False,15,Casa,12,2
618.89,False,18,Casa,12,1
300.65,False,22,Casa,14,0
201.92,False,13,Departamento,7,0
1088.53,False,21,Casa,19,2
254.94,False,8,Casa,15,1
506.48,True,12,Casa,20,2
281.2,False,21,Casa,18,0
346.67,False,14,Casa,10,0
994.08,True,15,Casa,15,2
421.35,False,14,Departamento,11,1
277.09,False,14,Departamento,14,0
647.55,False,15,Casa,10,1
199.17,False,12,Departamento,16,0
696.85,True,12,Casa,18,2
641.34,False,11,Casa,21,2
199.27,True,8,Departamento,19,0
734.97,False,12,Departamento,10,2
520.28,True,16,Departamento,20,1
291.88,True,16,Casa,18,0
601.85,False,22,Departamento,13,0
863.28,False,17,Casa,7,1
970.04,False,15,Departamento,6,2
229.15,True,6,Departamento,18,1
241.07,True,7,Departamento,16,1
126.97,False,8,Departamento,9,0
196.84,False,8,Departamento,18,1
357.29,False,10,Casa,16,1
260.53,True,9,Departamento,18,1
787.54,False,18,Casa,7,1
292.2,True,6,Casa,21,2
440.37,True,9,Departamento,20,2
341.26,True,12,Departamento,17,1
346.44,True,16,Casa,19,0
192.83,False,8,Casa,19,0
1662.51,False,24,Casa,11,2
599.31,False,15,Casa,15,1
205.3,True,13,Casa,17,0
219.57,False,17,Departamento,11,0
187.95,False,7,Pequeño Comercio,7,0
850.26,False,21,Casa,12,1
101.4,False,8,Departamento,17,0
1196.35,True,14,Casa,18,2
343.65,True,12,Pequeño Comercio,18,1
241.05,False,14,Departamento,14,0
294.4,True,17,Casa,20,0
849.12,True,14,Casa,21,2
1298.77,False,16,Departamento,12,2
545.47,False,20,Departamento,10,0
106.71,False,5,Departamento,14,0
508.47,False,14,Casa,12,1
477.65,True,18,Casa,19,1
285.92,True,10,Departamento,17,1
621.83,False,12,Departamento,8,1
175.05,False,8,Casa,11,0
250.4,True,7,Casa,18,1
160.98,False,8,Casa,13,0
150.94,True,7,Casa,23,1
223.82,False,10,Casa,15,0
905.42,True,23,Casa,20,2
1650.11,True,29,Casa,18,2
233.81,True,12,Casa,18,0
614.72,True,13,Departamento,18,2
113.35,False,6,Departamento,19,0
155.68,False,14,Casa,22,0
317.62,True,11,Casa,16,1
544.94,False,11,Pequeño Comercio,4,1
405.83,True,10,Casa,16,2
346.44,True,13,Casa,20,1
345.98,False,13,Casa,16,0
234.86,False,8,Departamento,12,0
186.59,False,10,Departamento,5,0
152.87,False,11,Departamento,17,0
267.45,False,10,Departamento,18,1
388.68,True,14,Casa,16,1
506.0,True,9,Departamento,20,2
495.24,True,18,Casa,23,1
1561.38,True,29,Casa,16,2
526.07,False,17,Casa,13,1
643.87,True,18,Casa,16,1
419.04,True,21,Casa,18,0
653.33,False,25,Casa,12,0
350.42,True,13,Casa,17,1
320.27,True,12,Departamento,17,1
343.29,False,12,Departamento,20,1
179.4,True,7,Casa,20,1
155.23,True,8,Departamento,21,0
443.15,True,5,Departamento,21,2
583.77,False,20,Pequeño Comercio,11,1
615.65,True,19,Casa,18,1
284.98,True,13,Departamento,20,0
820.75,False,16,Casa,14,2
207.21,True,12,Casa,18,0
571.33,True,11,Departamento,20,2
129.95,True,10,Casa,18,0
316.06,False,15,Casa,14,0
230.79,False,11,Departamento,12,0
705.32,True,16,Departamento,17,2
403.55,False,13,Departamento,4,0
472.0,False,11,Departamento,7,1
162.02,False,15,Departamento,14,0
506.09,False,10,Casa,10,2
1269.46,True,20,Casa,18,2
480.83,False,20,Casa,16,0
802.73,False,16,Casa,13,2
497.75,False,15,Departamento,10,1
507.61,True,14,Casa,15,1
243.75,True,18,Casa,20,0
478.96,False,15,Casa,13,1
454.26,True,7,Departamento,17,2
122.59,True,8,Departamento,18,0
549.99,True,9,Departamento,20,2
153.65,False,7,Departamento,18,0
252.58,False,13,Departamento,20,0
319.59,False,13,Departamento,15,0
275.11,False,7,Casa,10,1
351.09,True,9,Departamento,17,2
263.62,False,5,Departamento,15,2
182.13,True,6,Casa,19,1
199.15,True,8,Casa,17,0
226.3,True,10,Departamento,18,0
336.35,True,8,Casa,18,2
426.45,False,16,Casa,12,0
599.08,False,18,Pequeño Comercio,11,1
182.47,False,7,Departamento,20,1
959.14,False,19,Departamento,12,2
505.28,True,16,Casa,18,1
97.83,False,6,Departamento,11,0
498.64,False,9,Casa,18,2
461.65,True,20,Departamento,22,0
284.72,False,13,Pequeño Comercio,14,0
122.49,False,8,Casa,17,0
302.03,False,10,Casa,13,1
656.16,False,29,Casa,11,0
355.15,False,7,Departamento,10,2
131.5,False,12,Casa,11,0
400.53,True,10,Casa,21,2
258.06,True,10,Departamento,18,1
943.4,True,20,Casa,18,2
725.33,True,15,Casa,16,2
575.35,False,24,Casa,13,0
233.48,False,14,Departamento,20,0
293.12,False,10,Casa,10,0
192.89,True,11,Casa,18,0
266.46,False,12,Departamento,6,0
236.09,False,6,Casa,11,1
569.46,False,16,Departamento,19,1
1019.91,False,21,Casa,7,1
309.53,False,8,Departamento,14,1
114.27,True,7,Casa,19,0
215.16,False,10,Casa,12,0
274.92,True,5,Casa,17,2
488.01,True,32,Casa,21,0
659.53,False,15,Departamento,14,2
178.47,True,11,Departamento,18,0
626.21,True,12,Casa,22,2
807.1,True,13,Casa,23,2
729.25,False,11,Casa,12,2
137.88,False,10,Departamento,19,0
325.98,False,10,Casa,6,0
470.48,True,22,Casa,18,0
143.85,False,12,Casa,16,0
109.01,True,13,Departamento,17,0
285.86,False,19,Departamento,11,0
559.92,False,13,Departamento,11,1
695.8,False,20,Departamento,7,1
815.66,False,15,Casa,14,2
203.19,True,6,Departamento,19,1
129.86,True,12,Departamento,21,0
311.43,True,13,Casa,21,1
296.95,True,7,Casa,16,2
468.71,False,16,Departamento,17,1
417.88,True,15,Departamento,18,1
276.0,False,21,Casa,14,0
760.99,False,13,Casa,17,2
378.26,True,14,Casa,20,1
316.58,False,26,Casa,12,0
663.38,True,16,Departamento,20,2
1665.26,True,31,Departamento,17,2
213.56,False,10,Departamento,8,0
294.08,True,5,Departamento,20,2
238.73,True,8,Departamento,21,1
1033.24,False,11,Casa,5,2
481.53,False,12,Casa,11,1
620.73,True,13,Casa,16,2
510.24,True,10,Departamento,20,2
345.54,False,10,Departamento,7,1
115.68,True,8,Casa,21,0
384.42,False,11,Casa,9,1
895.87,True,24,Casa,17,1
987.79,True,21,Casa,17,2
222.41,False,7,Departamento,12,1
228.13,False,8,Casa,13,1
756.27,True,19,Casa,22,2
384.17,False,12,Casa,14,1
188.4,True,14,Departamento,21,0
336.61,False,13,Departamento,16,0
426.45,True,11,Departamento,19,2
924.64,True,13,Casa,16,2
547.43,True,12,Casa,17,2
610.9,True,23,Casa,16,1
636.87,True,13,Casa,19,2
1024.91,False,20,Casa,6,1
288.77,True,10,Casa,17,1
307.69,True,11,Casa,14,0
426.5,True,21,Casa,18,0
577.06,True,20,Casa,20,1
990.43,False,16,Casa,14,2
421.33,True,19,Departamento,21,0
668.08,True,9,Casa,17,2
155.42,False,8,Departamento,23,0
800.8,False,12,Casa,12,2
273.64,False,8,Departamento,6,0
303.27,False,12,Casa,14,0
456.16,False,13,Casa,15,1
902.77,True,12,Casa,15,2
333.42,False,13,Departamento,16,1
573.02,False,9,Casa,11,2
128.22,True,8,Pequeño Comercio,19,0
868.24,False,16,Casa,17,2
661.76,False,16,Casa,19,2
268.79,False,8,Casa,17,1
241.24,True,12,Casa,23,0
398.64,True,9,Casa,20,2
1006.57,False,18,Casa,10,2
168.89,True,9,Departamento,17,0
167.54,False,11,Casa,21,0
199.43,False,8,Casa,15,0
471.17,True,17,Casa,21,1
1681.27,True,21,Departamento,17,2
257.93,False,7,Casa,17,1
244.09,True,7,Departamento,20,2
128.26,False,9,Casa,21,0
605.91,False,16,Casa,18,2
190.35,True,10,Departamento,19,0
443.04,False,19,Pequeño Comercio,11,0
553.07,False,12,Departamento,9,1
175.07,False,10,Departamento,18,0
204.95,True,12,Departamento,20,0
503.43,False,17,Departamento,17,1
331.7,True,12,Departamento,18,1
327.33,True,7,Casa,20,2
914.03,True,17,Casa,20,2
163.74,False,10,Casa,19,0
644.34,False,10,Casa,15,2
414.12,False,8,Pequeño Comercio,16,2
264.38,True,5,Departamento,22,2
477.79,False,15,Pequeño Comercio,16,1
394.09,False,14,Casa,15,1
532.9,True,14,Casa,18,2
686.89,True,16,Pequeño Comercio,23,2
363.74,False,11,Departamento,9,1
753.07,True,13,Casa,17,2
229.76,False,9,Casa,20,1
1254.32,True,26,Casa,20,2
312.87,True,14,Pequeño Comercio,18,1
311.14,False,12,Casa,15,1
249.27,False,10,Casa,14,0
293.57,False,11,Casa,11,0
362.91,False,9,Departamento,4,1
779.03,False,14,Pequeño Comercio,7,2
263.74,False,8,Casa,20,1
644.76,True,13,Casa,20,2
191.07,True,5,Departamento,19,2
239.01,False,12,Departamento,17,0
438.94,True,11,Departamento,16,2
826.65,True,20,Departamento,20,2
370.83,True,11,Casa,21,1
507.23,True,14,Casa,22,2
201.32,True,10,Pequeño Comercio,17,0
353.06,True,16,Casa,20,0
795.34,True,20,Casa,21,2
209.23,True,7,Departamento,20,1
288.83,False,13,Casa,21,0
564.12,False,11,Casa,15,2
361.14,False,13,Casa,21,1
303.8,True,13,Departamento,16,0
451.34,False,19,Casa,20,0
121.43,False,14,Casa,4,0
203.47,True,12,Departamento,19,0
165.09,False,12,Departamento,7,0
557.18,False,15,Casa,18,2
293.47,True,15,Pequeño Comercio,16,0
256.76,False,12,Casa,13,0
372.41,True,15,Casa,17,0
341.53,False,12,Casa,11,0
555.76,True,14,Departamento,18,2
202.85,False,9,Departamento,8,0
177.56,False,13,Casa,18,0
552.64,True,23,Pequeño Comercio,14,0
753.86,True,27,Pequeño Comercio,21,1
291.25,False,7,Casa,10,1
370.29,True,8,Departamento,17,2
711.8,False,12,Casa,20,2
938.69,False,19,Departamento,15,2
514.09,True,19,Casa,16,1
465.1,True,13,Departamento,15,1
282.7,False,16,Casa,2,0
1093.22,True,27,Casa,19,2
1008.77,False,19,Casa,13,2
230.02,False,14,Casa,19,0
645.64,False,14,Casa,13,2
550.98,False,23,Departamento,16,0
127.61,True,6,Casa,17,0
295.07,True,10,Casa,20,1
437.81,True,14,Casa,17,1
949.98,True,18,Casa,17,2
268.23,False,12,Departamento,9,0
227.3,True,11,Departamento,20,0
387.37,True,17,Casa,21,0
517.63,True,25,Departamento,16,0
172.79,True,9,Casa,19,0
133.76,True,10,Departamento,15,0
575.93,False,10,Casa,15,2
218.44,False,16,Casa,14,0
513.06,False,20,Departamento,10,0
448.51,True,13,Pequeño Comercio,18,1
281.94,True,9,Casa,20,1
732.16,False,16,Casa,6,1
421.2,False,23,Casa,13,0
391.51,False,10,Casa,8,1
391.06,False,9,Departamento,19,2
257.85,False,13,Departamento,8,0
1007.46,True,17,Casa,19,2
524.41,True,16,Casa,19,1
166.99,True,11,Departamento,21,0
230.76,False,9,Departamento,21,1
621.83,True,21,Pequeño Comercio,20,1
381.82,False,7,Departamento,13,2
324.83,True,12,Departamento,18,1
135.05,False,8,Casa,16,0
226.25,False,5,Casa,13,1
643.27,False,15,Casa,13,2
555.7,False,11,Casa,16,2
878.47,True,10,Casa,20,2
562.31,False,15,Departamento,10,1
952.77,False,21,Casa,11,1
400.8,False,22,Casa,14,0
165.02,False,10,Casa,12,0
669.6,True,19,Pequeño Comercio,19,1
1167.47,False,20,Casa,14,2
771.11,True,13,Casa,17,2
698.83,False,16,Casa,20,2
225.65,True,8,Departamento,19,1
1442.23,True,27,Casa,17,2
861.77,True,14,Casa,18,2
512.49,True,16,Casa,19,1
303.13,True,9,Departamento,18,1
538.14,False,16,Casa,14,1
283.48,False,11,Casa,17,1
717.32,True,8,Casa,19,2
583.82,True,13,Casa,18,2
355.98,False,6,Departamento,12,2
416.85,False,14,Casa,15,1
418.28,True,9,Departamento,19,2
882.48,False,17,Casa,9,2
378.95,False,16,Casa,12,0
395.59,False,22,Departamento,11,0
451.4,True,11,Departamento,19,2
324.71,False,17,Casa,9,0
196.13,False,7,Departamento,8,0
231.31,False,10,Pequeño Comercio,15,0
449.52,True,10,Departamento,18,2
638.1,True,14,Casa,17,2
429.58,False,15,Departamento,21,1
639.19,False,21,Casa,20,1
180.1,False,7,Departamento,12,0
580.37,False,12,Casa,15,2
815.64,True,19,Casa,20,2
361.71,True,16,Departamento,18,0
169.72,False,19,Casa,20,0
422.0,False,9,Casa,10,2
309.65,False,6,Casa,12,2
235.24,False,7,Casa,11,1
646.73,False,17,Departamento,13,1
1075.77,True,17,Casa,16,2
172.71,True,10,Departamento,15,0
165.1,False,6,Casa,13,1
939.53,False,13,Departamento,11,2
598.25,True,14,Departamento,18,2
603.84,False,15,Departamento,14,1
534.78,True,12,Casa,23,2
380.49,True,13,Departamento,22,1
767.61,True,15,Departamento,19,2
703.33,True,12,Casa,23,2
211.09,False,17,Casa,16,0
627.37,True,11,Departamento,16,2
569.21,True,18,Departamento,20,1
298.45,False,16,Departamento,12,0
194.81,True,10,Casa,19,0
649.8,True,13,Casa,17,2
153.88,True,6,Casa,17,0
208.68,True,12,Casa,20,0
734.98,True,10,Casa,20,2
341.2,False,5,Departamento,12,2
351.65,True,13,Casa,18,1
452.85,False,14,Pequeño Comercio,9,1
661.25,True,19,Casa,17,1
548.57,False,16,Casa,3,0
419.38,False,10,Departamento,12,2
233.02,True,19,Casa,19,0
435.25,False,13,Casa,6,1
364.79,False,9,Casa,16,1
174.89,True,5,Departamento,18,1
483.51,False,10,Pequeño Comercio,10,2
214.04,False,10,Departamento,9,0
1074.87,True,23,Casa,20,2
305.94,True,19,Departamento,20,0
404.05,True,9,Departamento,19,2
312.91,False,11,Departamento,15,1
445.72,True,14,Departamento,20,1
328.07,False,13,Departamento,12,0
288.17,False,14,Casa,13,0
792.5,True,10,Departamento,19,2
387.81,False,13,Casa,14,1
279.44,False,13,Casa,9,0
259.11,True,11,Departamento,19,0
283.65,False,9,Casa,14,1
716.71,True,21,Casa,17,1
263.89,False,6,Departamento,13,1
137.37,True,6,Departamento,19,0
376.45,True,6,Departamento,16,2
169.26,False,7,Casa,22,1
421.23,True,23,Pequeño Comercio,20,0
293.13,False,12,Departamento,18,0
351.58,False,10,Pequeño Comercio,7,1
672.37,False,13,Casa,9,2
688.91,True,16,Casa,17,2
369.41,True,17,Departamento,20,0
607.6,True,10,Casa,16,2
465.64,True,8,Casa,21,2
413.22,True,10,Departamento,18,2
332.31,True,11,Casa,21,1
229.92,False,9,Casa,3,0
402.36,True,13,Departamento,19,1
306.7,True,16,Casa,20,0
159.69,True,8,Casa,19,0
853.96,False,15,Casa,10,2
433.85,True,23,Casa,18,0
657.11,True,8,Departamento,18,2
752.17,True,13,Casa,21,2
179.96,True,12,Departamento,20,0
723.32,True,9,Casa,19,2
223.32,False,11,Casa,8,0
238.47,True,12,Departamento,19,0
366.88,True,21,Casa,20,0
961.95,True,16,Casa,17,2
602.97,True,16,Departamento,22,2
537.09,False,11,Casa,16,2
397.4,False,13,Departamento,17,1
779.1,True,18,Departamento,18,2
430.3,False,9,Departamento,16,2
536.03,True,9,Casa,15,2
377.41,True,14,Casa,16,0
520.05,False,10,Departamento,11,2
258.81,False,13,Casa,13,0
198.76,False,9,Departamento,17,0
312.44,True,17,Casa,19,0
149.35,True,9,Casa,21,0
702.98,True,24,Casa,21,1
333.5,True,10,Casa,17,1
762.02,True,10,Departamento,21,2
559.57,False,12,Casa,11,2
229.97,False,10,Casa,21,1
316.88,True,11,Casa,21,1
240.72,False,8,Pequeño Comercio,16,1
654.05,False,12,Departamento,11,2
880.88,True,22,Casa,20,2
483.22,True,11,Casa,20,2
423.82,False,19,Casa,16,0
167.06,True,4,Departamento,21,2
226.45,False,7,Departamento,12,1
93.35,False,7,Departamento,7,0
494.06,False,15,Casa,17,1
438.42,True,19,Casa,18,0
292.82,True,19,Pequeño Comercio,20,0
933.49,True,12,Casa,21,2
197.87,False,8,Departamento,17,0
1089.35,True,17,Casa,23,2
466.59,True,14,Casa,22,1
525.78,True,13,Departamento,18,2
1354.09,False,22,Casa,19,2
413.61,True,12,Casa,20,1
297.22,False,8,Departamento,14,1
349.23,False,9,Departamento,14,1
416.43,True,17,Departamento,20,1
1214.54,False,24,Casa,13,2
611.48,False,9,Casa,11,2
188.19,True,14,Casa,17,0
197.27,False,10,Casa,10,0
1020.37,False,21,Casa,23,2
293.2,True,16,Casa,21,0
617.38,False,14,Casa,13,2
1321.98,False,27,Casa,15,2
142.79,False,7,Departamento,11,0
178.75,True,5,Casa,20,1
340.9,True,15,Departamento,19,0
308.79,False,14,Casa,23,1
493.55,False,14,Departamento,14,1
869.42,False,18,Casa,18,2
1505.38,False,17,Casa,7,2
977.73,True,21,Casa,20,2
637.27,True,17,Casa,16,1
425.84,True,8,Casa,18,2
905.28,False,12,Casa,9,2
1078.75,True,18,Casa,21,2
762.36,True,12,Casa,19,2
360.73,False,14,Casa,11,0
1034.44,True,18,Departamento,17,2
680.16,False,16,Departamento,16,1
213.43,False,11,Departamento,16,0
507.21,True,24,Casa,18,0
308.93,False,11,Departamento,13,0
504.0,False,16,Casa,12,1
659.19,False,25,Casa,15,0
731.6,True,16,Departamento,22,2
485.8,False,13,Departamento,23,2
392.22,False,9,Departamento,12,1
592.02,True,19,Departamento,19,1
171.24,True,9,Departamento,21,0
653.19,False,19,Departamento,10,1
730.84,False,16,Casa,15,2
298.67,False,9,Casa,12,1
927.4,False,15,Departamento,4,2
360.85,False,16,Departamento,14,0
516.82,False,15,Casa,9,1
278.32,False,11,Casa,18,1
607.94,False,20,Casa,16,1
603.99,True,11,Casa,20,2
751.15,False,15,Casa,12,2
463.39,True,15,Departamento,16,1
344.17,False,15,Casa,15,0
222.48,False,8,Pequeño Comercio,15,0
221.69,True,9,Departamento,18,0
213.05,True,14,Casa,16,0
399.16,True,20,Casa,19,0
224.88,True,13,Departamento,19,0
632.94,True,21,Pequeño Comercio,19,1
668.04,True,14,Departamento,19,2
415.01,False,13,Departamento,14,1
183.48,False,12,Departamento,8,0
277.35,False,8,Departamento,14,1
1140.93,True,23,Departamento,19,2
106.26,False,7,Departamento,10,0
335.18,True,9,Departamento,19,2
703.6,True,15,Departamento,17,2
532.78,True,18,Casa,20,1
427.83,False,14,Casa,11,0
603.95,True,23,Departamento,19,1
255.51,True,12,Casa,20,0
144.05,False,9,Departamento,15,0
539.76,True,8,Departamento,18,2
685.09,False,18,Casa,16,1
249.97,False,7,Departamento,15,1
778.84,True,28,Casa,17,1
210.96,False,17,Departamento,7,0
683.51,True,21,Casa,22,1
409.28,False,20,Departamento,10,0
219.8,True,14,Departamento,16,0
620.83,True,17,Casa,17,1
307.08,False,17,Departamento,11,0
283.68,False,12,Departamento,19,0
126.02,False,8,Departamento,13,0
323.46,True,19,Departamento,18,0
1525.25,False,26,Casa,15,2
514.52,True,23,Departamento,18,0
794.6,False,21,Casa,16,2
283.81,False,12,Casa,18,0
377.49,False,10,Casa,14,1
507.2,False,19,Casa,7,0
1103.52,False,18,Departamento,15,2
462.12,True,11,Departamento,17,2
745.33,True,12,Casa,20,2
1410.93,True,30,Departamento,20,2
1101.18,False,12,Departamento,12,2
191.41,True,7,Casa,19,1
293.96,False,11,Casa,8,0
190.31,True,7,Casa,17,1
442.69,True,12,Departamento,23,2
218.28,False,6,Casa,12,1
161.68,True,8,Pequeño Comercio,21,0
747.91,False,18,Casa,9,1
379.6,True,12,Departamento,22,1
437.38,True,10,Casa,18,2
281.09,False,13,Casa,15,0
391.53,False,18,Casa,9,0
393.53,True,13,Casa,19,1
652.95,False,11,Departamento,17,2
542.14,True,13,Casa,18,2
238.63,False,8,Departamento,14,1
542.58,False,17,Casa,20,1
654.37,True,20,Casa,19,1
1143.23,False,10,Casa,16,2
480.38,False,17,Departamento,13,1
193.38,True,10,Casa,17,0
593.01,True,19,Casa,17,1
330.0,False,7,Departamento,17,2
148.24,True,8,Departamento,17,0
542.35,True,17,Casa,19,1
585.52,True,7,Casa,20,2
362.57,False,11,Departamento,11,1
968.67,True,19,Casa,19,2
553.03,True,17,Departamento,19,1
426.81,True,10,Departamento,17,2
570.7,False,17,Casa,11,1
1252.37,False,23,Casa,15,2
242.71,False,12,Departamento,13,0
569.66,True,14,Casa,20,2
598.14,True,12,Departamento,21,2
168.11,False,11,Pequeño Comercio,13,0
512.05,False,17,Pequeño Comercio,12,1
630.88,False,12,Departamento,7,2
1359.42,False,22,Casa,19,2
453.76,False,8,Casa,12,2
346.64,True,8,Casa,18,2
161.18,False,9,Casa,8,0
322.41,False,11,Departamento,17,1
446.03,False,16,Pequeño Comercio,12,1
547.71,True,14,Casa,18,1
112.21,True,7,Departamento,21,0
112.95,False,6,Casa,14,0
1498.41,False,26,Casa,16,2
488.54,False,19,Casa,12,0
337.13,False,10,Departamento,6,1
585.56,False,10,Casa,6,2
191.95,False,8,Casa,11,0
515.89,True,13,Casa,20,2
431.31,False,9,Casa,9,1
475.25,False,15,Casa,13,1
271.44,False,11,Departamento,23,1
117.0,True,11,Casa,15,0
721.7,True,15,Casa,18,2
145.05,True,7,Casa,16,0
486.7,False,16,Casa,15,1
351.56,False,11,Departamento,21,1
281.88,False,16,Departamento,10,0
404.23,True,14,Departamento,17,1
620.03,True,14,Casa,19,2
928.67,False,15,Departamento,16,2
292.29,True,10,Casa,18,1
523.1,True,9,Casa,19,2
410.97,True,10,Casa,19,2
314.19,True,13,Casa,15,0
473.88,True,6,Departamento,18,2
555.14,True,18,Casa,18,1
228.07,False,10,Pequeño Comercio,12,0
186.1,False,9,Casa,17,0
141.42,False,10,Casa,21,0
779.77,True,16,Departamento,16,2
120.38,False,9,Departamento,13,0
333.52,True,11,Departamento,19,1
533.11,False,8,Casa,14,2
326.53,True,9,Casa,18,1
721.21,True,16,Departamento,16,2
305.09,False,8,Casa,15,1
451.15,True,13,Casa,18,1
1479.65,False,25,Casa,11,2
393.81,True,27,Casa,22,0
176.84,False,11,Departamento,13,0
278.7,True,10,Casa,22,1
331.52,False,13,Casa,4,0
130.54,True,11,Departamento,16,0
359.77,True,11,Casa,18,1
390.59,True,9,Departamento,17,2
273.22,True,6,Casa,17,2
390.92,False,10,Departamento,19,2
416.29,True,17,Casa,21,1
203.58,True,5,Casa,19,2
632.02,False,16,Pequeño Comercio,13,1
610.49,True,12,Casa,17,2
235.14,False,12,Departamento,12,0
1161.51,True,16,Casa,21,2
201.64,False,8,Casa,10,0
739.49,False,14,Departamento,16,2
983.59,True,22,Casa,19,2
473.14,True,10,Casa,23,2
908.77,True,25,Casa,18,1
446.33,True,16,Casa,17,1
739.74,True,19,Pequeño Comercio,20,1
1607.58,False,18,Casa,16,2
169.71,True,11,Departamento,16,0
896.56,False,12,Casa,12,2
593.16,True,13,Casa,20,2
445.04,False,8,Casa,12,2
432.03,False,14,Departamento,12,1
191.77,False,12,Departamento,13,0
1385.18,True,29,Departamento,21,2
655.73,True,21,Casa,18,1
222.91,False,9,Departamento,2,0
769.62,False,14,Departamento,11,2
623.21,True,8,Casa,17,2
266.92,False,9,Departamento,7,0
594.47,False,14,Casa,17,2
467.83,True,14,Casa,22,2
217.62,True,8,Casa,16,1
302.21,False,15,Departamento,11,0
226.97,False,13,Departamento,18,0
642.01,True,14,Casa,18,2
139.41,True,15,Casa,20,0
337.77,False,8,Casa,18,2
204.65,False,13,Casa,12,0
687.2,True,15,Departamento,21,2
290.2,True,13,Casa,19,0
759.31,False,8,Departamento,14,2
283.22,True,6,Departamento,17,2
208.1,False,5,Casa,15,1
184.44,True,10,Casa,14,0
129.98,True,12,Casa,18,0
703.7,True,14,Departamento,18,2
486.19,True,15,Casa,23,2
157.17,False,8,Casa,13,0
673.18,True,14,Departamento,16,2
114.49,False,10,Departamento,13,0
301.86,False,11,Departamento,11,1
313.27,False,16,Departamento,21,0
183.24,False,11,Departamento,14,0
454.29,True,14,Pequeño Comercio,20,1
461.28,True,13,Casa,20,2
508.55,True,26,Casa,20,0
514.86,False,17,Casa,17,1
224.15,True,10,Casa,18,0
428.43,True,12,Pequeño Comercio,17,1
824.75,False,21,Casa,14,1
591.41,False,17,Casa,11,1
1097.73,False,17,Departamento,15,2
884.43,False,16,Casa,15,2
193.35,True,14,Casa,20,0
220.03,True,8,Departamento,20,1
373.11,False,10,Casa,12,1
196.32,False,6,Departamento,16,1
193.2,False,6,Pequeño Comercio,9,1
331.25,False,14,Departamento,10,0
522.64,True,15,Casa,19,1
278.79,False,12,Casa,10,0
108.21,False,9,Casa,15,0
142.82,False,5,Casa,11,0
318.8,False,12,Pequeño Comercio,17,0
438.27,False,9,Departamento,11,2
484.23,False,14,Casa,11,1
582.02,True,12,Casa,22,2
489.59,False,20,Casa,13,0
329.13,False,20,Departamento,8,0
250.78,False,7,Casa,15,1
326.19,True,12,Departamento,14,0
413.69,True,10,Departamento,14,2
768.13,False,22,Casa,17,1
657.07,False,17,Casa,15,1
541.24,False,12,Casa,10,1
420.68,False,16,Departamento,15,0
309.38,True,9,Departamento,16,1
886.48,False,22,Casa,11,1
120.85,False,8,Casa,15,0
394.75,True,11,Casa,20,2
247.0,False,11,Casa,17,0
303.44,True,6,Departamento,22,2
683.1,True,11,Casa,20,2
1493.31,True,23,Casa,21,2
333.76,False,13,Casa,13,0
431.58,True,21,Departamento,22,0
304.5,True,7,Casa,20,2
589.18,True,9,Departamento,18,2
564.88,True,12,Departamento,18,2
922.51,True,17,Departamento,20,2
1449.08,True,17,Casa,19,2
775.09,True,14,Casa,19,2
634.62,True,12,Departamento,17,2
173.69,False,12,Casa,12,0
634.98,False,25,Pequeño Comercio,11,0
611.79,True,20,Casa,16,1
446.05,False,9,Casa,14,2
248.75,False,5,Departamento,14,2
565.42,False,21,Departamento,15,1
374.92,False,17,Casa,11,0
362.18,False,9,Departamento,19,2
201.87,False,12,Departamento,16,0
466.2,True,15,Departamento,19,1
461.66,False,18,Casa,16,0
532.24,False,14,Departamento,10,1
293.22,False,16,Departamento,11,0
244.98,False,7,Casa,14,1
304.41,False,13,Departamento,12,0
261.89,False,9,Casa,10,0
875.89,True,18,Casa,18,2
208.51,True,9,Casa,21,0
354.11,False,14,Pequeño Comercio,15,0
692.15,True,13,Casa,14,2
362.74,True,13,Casa,18,1
274.05,True,14,Casa,23,0
1191.97,True,25,Casa,19,2
594.87,False,21,Casa,23,1
226.67,False,14,Pequeño Comercio,16,0
394.78,False,17,Casa,15,1
677.29,False,16,Pequeño Comercio,14,1
512.91,False,11,Departamento,14,2
194.94,True,9,Departamento,17,0
365.83,False,7,Departamento,19,2
389.83,False,11,Casa,16,1
283.33,True,17,Casa,20,0
744.02,True,10,Departamento,19,2
292.22,False,7,Departamento,22,2
377.41,True,10,Casa,18,1
920.47,True,26,Casa,17,1
154.51,False,10,Casa,9,0
201.23,True,16,Departamento,21,0
395.38,False,14,Casa,15,1
176.27,True,7,Pequeño Comercio,20,1
886.86,True,32,Casa,20,1
401.32,False,12,Departamento,12,1
396.03,False,12,Departamento,16,1
265.95,False,16,Casa,14,0
475.87,True,12,Departamento,18,2
361.98,True,21,Casa,16,0
290.21,True,14,Casa,18,0
400.96,False,20,Casa,13,0
325.45,False,16,Casa,14,0
248.76,True,10,Casa,19,1
1148.08,False,27,Departamento,20,2
459.12,False,15,Casa,13,1
199.37,True,12,Departamento,21,0
735.09,True,22,Casa,20,1
803.64,False,18,Casa,5,1
770.77,True,12,Departamento,16,2
123.69,False,6,Casa,4,0
829.36,False,18,Casa,16,2
176.0,True,10,Casa,18,0
138.82,False,7,Departamento,9,0
548.3,False,10,Casa,10,2
434.72,True,10,Casa,23,2
199.01,True,8,Departamento,20,1
1490.35,True,31,Casa,19,2
201.71,True,6,Casa,20,2
1159.77,False,14,Casa,9,2
230.94,False,9,Departamento,16,0
126.83,False,9,Departamento,8,0
853.96,False,14,Departamento,6,2
268.67,False,6,Casa,16,2
182.18,False,12,Departamento,15,0
656.22,True,16,Casa,18,2
697.34,True,20,Pequeño Comercio,20,1
265.44,True,12,Casa,17,0
95.04,True,8,Casa,19,0
982.94,False,23,Casa,20,2
281.08,True,8,Casa,17,1
519.61,False,14,Departamento,11,1
109.19,False,4,Departamento,9,0
443.18,False,17,Casa,20,1
591.4,True,14,Departamento,19,2
359.61,True,11,Casa,19,1
757.63,False,11,Casa,17,2
491.59,False,12,Casa,16,2
549.06,True,17,Pequeño Comercio,22,1
1197.69,False,19,Casa,22,2
127.67,False,4,Casa,13,1
954.24,False,11,Casa,19,2
495.67,False,13,Casa,12,1
441.65,True,9,Casa,20,2
110.39,False,7,Casa,17,0
539.3,False,15,Departamento,16,1
221.67,False,11,Pequeño Comercio,15,0
392.18,False,18,Casa,9,0
1174.67,True,19,Casa,16,2
369.46,False,11,Departamento,12,1
343.0,True,11,Casa,19,1
471.14,True,14,Departamento,16,1
353.8,True,16,Casa,22,1
384.65,True,9,Departamento,16,2
657.24,False,23,Casa,15,1
648.22,True,14,Departamento,21,2
310.43,True,6,Casa,17,2
432.1,True,9,Departamento,23,2
398.02,False,9,Casa,16,2
159.12,False,7,Departamento,18,0
427.25,True,12,Departamento,19,1
622.3,True,9,Casa,17,2
728.99,False,12,Casa,10,2
169.38,True,13,Casa,17,0
178.49,True,9,Casa,20,0
243.55,True,13,Casa,19,0
340.29,True,12,Departamento,17,1
245.2,False,9,Departamento,10,0
382.99,True,6,Casa,12,2
1624.13,False,29,Casa,13,2
432.79,False,18,Departamento,18,1
491.39,True,10,Departamento,18,2
795.73,True,20,Casa,17,2
1075.87,False,20,Casa,6,2
239.56,False,16,Departamento,10,0
298.96,False,11,Departamento,21,1
230.09,False,14,Casa,12,0
1121.15,True,14,Departamento,20,2
516.68,True,21,Casa,17,0
407.83,False,16,Departamento,22,1
1184.74,True,19,Casa,21,2
580.77,True,17,Casa,17,1
277.13,True,17,Departamento,20,0
401.15,False,16,Casa,19,0
468.0,False,15,Departamento,12,1
217.13,False,10,Departamento,14,0
243.07,True,16,Casa,19,0
437.49,True,10,Casa,17,2
528.49,False,13,Casa,11,1
178.17,True,7,Casa,17,1
176.32,False,8,Departamento,15,0
573.33,True,16,Casa,22,1
859.14,True,23,Casa,20,2
181.37,False,6,Pequeño Comercio,14,1
336.84,True,13,Departamento,19,1
235.05,False,11,Casa,11,0
255.88,True,12,Casa,21,0
588.99,True,7,Casa,16,2
637.61,True,12,Casa,17,2
332.34,True,14,Departamento,19,0
529.04,True,20,Casa,19,1
689.61,False,15,Casa,20,2
106.05,True,9,Departamento,15,0
392.58,False,14,Departamento,14,1
519.6,False,16,Pequeño Comercio,19,1
399.92,True,8,Departamento,21,2
634.05,True,18,Casa,20,1
157.1,False,11,Departamento,12,0
222.97,False,10,Casa,17,0
708.4,True,14,Departamento,19,2
639.34,True,11,Casa,21,2
207.85,True,12,Departamento,17,0
293.35,True,12,Casa,19,0
598.22,True,13,Casa,18,2
329.04,True,11,Departamento,18,1
122.27,True,6,Departamento,20,0
1073.86,False,13,Casa,10,2
1546.96,True,17,Departamento,18,2
690.11,True,14,Departamento,19,2
517.59,True,13,Departamento,20,2
524.06,False,14,Departamento,14,1
706.08,True,17,Casa,21,2
340.51,True,9,Casa,16,1
214.91,False,9,Departamento,17,0
816.88,True,17,Casa,17,2
372.23,False,15,Departamento,12,0
391.23,False,10,Pequeño Comercio,16,1
280.84,True,9,Departamento,21,1
388.92,False,14,Casa,8,0
413.27,False,12,Departamento,10,1
230.54,False,11,Departamento,16,0
207.02,False,10,Departamento,13,0
478.0,False,26,Casa,11,0
349.93,True,19,Casa,21,0
556.97,True,12,Departamento,21,2
269.72,False,14,Departamento,15,0
571.54,False,17,Casa,13,1
366.83,False,10,Casa,22,2
505.57,True,18,Departamento,18,1
674.02,True,13,Departamento,16,2
98.71,False,7,Departamento,9,0
412.99,True,14,Departamento,15,1
229.69,False,14,Pequeño Comercio,15,0
479.02,True,9,Casa,20,2
788.11,True,16,Departamento,21,2
463.25,True,20,Casa,18,0
495.81,False,14,Departamento,14,1
432.24,False,14,Casa,14,1
390.73,False,20,Casa,17,0
235.81,True,9,Casa,16,0
393.04,True,12,Casa,21,1
875.0,False,12,Casa,17,2
499.56,True,17,Casa,21,1
395.17,True,9,Departamento,13,2
300.83,False,10,Departamento,10,0
666.58,True,17,Departamento,20,2
257.04,True,13,Casa,17,0
209.39,False,10,Departamento,17,0
684.5,False,15,Departamento,16,2
376.73,False,11,Pequeño Comercio,20,1
156.93,False,12,Casa,18,0
629.03,False,19,Casa,13,1
262.14,True,9,Casa,21,1
552.75,False,18,Casa,16,1
386.23,False,13,Casa,19,1
187.84,True,15,Departamento,17,0
178.25,False,7,Pequeño Comercio,20,1
635.59,False,19,Casa,13,1
607.6,True,27,Casa,16,0
145.76,False,6,Casa,14,0
260.58,False,7,Departamento,15,1
383.6,True,12,Departamento,19,1
647.22,False,15,Casa,16,2
178.34,False,5,Departamento,11,1
532.23,True,13,Casa,17,2
520.54,False,9,Departamento,11,2
1157.38,True,23,Casa,20,2
367.53,False,9,Casa,10,1
975.39,False,26,Departamento,15,1
941.94,False,19,Casa,5,1
572.08,False,14,Departamento,11,1
107.17,True,10,Casa,23,0
214.58,False,8,Departamento,15,1
465.88,False,15,Departamento,16,1
584.75,True,17,Casa,18,1
724.6,True,25,Casa,19,1
375.61,True,5,Casa,14,2
764.05,False,12,Departamento,12,2
733.8,False,20,Casa,13,1
177.75,False,8,Departamento,18,0
663.07,False,12,Departamento,11,2
97.35,True,6,Departamento,19,0
631.5,True,18,Casa,23,2
492.72,True,16,Departamento,17,1
342.88,True,13,Departamento,18,0
239.54,False,8,Departamento,11,0
993.74,True,12,Casa,19,2
812.21,False,15,Departamento,13,2
408.73,True,12,Departamento,16,1
322.52,True,12,Casa,20,1
783.29,True,8,Casa,19,2
119.17,True,9,Departamento,19,0
248.99,False,9,Departamento,12,1
417.24,False,20,Casa,14,0
540.51,False,11,Casa,18,2
493.49,False,15,Pequeño Comercio,18,1
180.95,True,8,Departamento,15,0
864.84,False,28,Casa,7,0
207.06,False,8,Departamento,16,0
285.94,False,13,Departamento,13,0
435.0,False,14,Departamento,14,1
372.01,False,11,Departamento,15,1
904.64,False,19,Departamento,14,2
410.25,False,15,Departamento,9,0
515.64,True,14,Casa,18,1
200.01,True,9,Pequeño Comercio,17,0
635.66,False,11,Departamento,10,2
1084.31,False,26,Departamento,7,1
111.39,False,8,Departamento,17,0
396.85,False,9,Casa,16,2
449.4,False,16,Casa,19,1
350.35,True,13,Departamento,17,0
506.31,False,17,Casa,10,0
482.25,False,14,Casa,15,1
361.16,False,13,Casa,11,0
958.58,True,16,Casa,20,2
394.8,False,18,Casa,9,0
589.9,True,11,Pequeño Comercio,20,2
327.89,True,11,Departamento,22,1
410.11,True,14,Departamento,16,1
1022.34,True,23,Casa,19,2
797.55,False,14,Departamento,7,2
108.6,True,6,Casa,20,0
679.15,True,8,Casa,16,2
643.02,False,10,Departamento,14,2
686.87,True,19,Casa,18,1
176.25,False,12,Casa,8,0
153.26,False,6,Casa,10,0
558.37,False,21,Casa,17,1
122.01,True,8,Casa,16,0
124.06,False,10,Departamento,9,0
301.01,False,17,Casa,8,0
256.87,True,13,Departamento,18,0
341.13,False,15,Departamento,13,0
748.55,True,16,Casa,17,2
177.0,False,7,Departamento,14,0
611.58,False,10,Casa,14,2
492.75,True,9,Casa,20,2
944.79,False,20,Casa,22,2
472.12,False,15,Casa,13,1
324.64,True,16,Casa,17,0
340.93,False,13,Casa,16,0
589.78,False,19,Departamento,14,1
770.4,False,17,Casa,8,1
154.06,True,11,Departamento,17,0
461.76,False,15,Casa,10,1
574.49,False,19,Casa,13,1
994.09,True,15,Departamento,16,2
644.31,True,12,Casa,19,2
185.33,False,13,Casa,20,0
770.16,True,19,Departamento,21,2
120.5,False,8,Casa,15,0
283.89,False,10,Departamento,18,1
523.98,False,18,Casa,20,1
577.52,True,15,Casa,20,2
232.16,True,9,Casa,21,1
300.37,False,12,Departamento,21,1
279.08,True,12,Casa,22,1
1484.82,True,26,Casa,21,2
413.3,True,11,Departamento,16,1
342.61,True,6,Departamento,22,2
597.32,True,15,Departamento,22,2
1006.47,True,21,Casa,21,2
289.55,True,15,Casa,20,0
246.32,False,13,Casa,10,0
695.19,True,21,Casa,16,1
283.01,True,6,Departamento,19,2
464.03,False,13,Departamento,14,1
250.66,True,9,Departamento,18,1
1582.57,True,17,Casa,19,2
822.19,True,16,Departamento,18,2
746.95,False,10,Casa,15,2
152.26,False,7,Casa,20,0
476.71,True,12,Departamento,18,2
514.0,True,20,Casa,15,1
181.64,True,8,Departamento,21,0
554.26,True,12,Departamento,20,2
335.28,True,14,Casa,20,1
532.92,True,17,Casa,15,1
477.06,True,13,Casa,18,2
209.96,False,9,Departamento,12,0
403.04,False,13,Casa,13,1
242.0,True,13,Casa,20,0
141.08,True,6,Departamento,15,0
469.88,True,11,Casa,21,2
736.28,False,16,Casa,9,1
756.76,False,14,Departamento,13,2
542.23,False,12,Departamento,16,2
252.5,True,19,Casa,19,0
603.82,False,10,Departamento,21,2
399.51,True,12,Departamento,22,1
1740.64,False,24,Casa,13,2
207.6,True,15,Casa,16,0
934.97,False,23,Casa,7,1
518.12,False,13,Departamento,7,1
234.88,False,11,Casa,13,0
334.63,True,11,Departamento,19,1
308.09,True,11,Pequeño Comercio,20,1
216.27,False,14,Casa,11,0
154.62,False,6,Casa,8,0
1066.57,True,17,Casa,18,2
268.67,False,10,Casa,18,1
382.57,True,15,Departamento,17,0
770.67,True,11,Casa,16,2
488.69,False,12,Casa,14,1
200.08,False,17,Departamento,13,0
389.88,False,12,Casa,19,1
220.48,True,9,Departamento,19,1
354.9,False,16,Departamento,18,0
924.02,True,27,Pequeño Comercio,18,1
617.56,True,16,Casa,19,2
193.14,False,12,Departamento,17,0
633.64,False,14,Casa,18,2
259.16,False,9,Departamento,7,0
1213.23,True,23,Casa,17,2
241.15,False,9,Departamento,17,1
497.84,True,19,Casa,18,1
546.57,True,11,Departamento,20,2
298.54,False,9,Departamento,15,1
354.87,False,8,Departamento,12,1
168.11,False,10,Casa,23,0
687.62,False,14,Casa,17,2
225.56,False,7,Pequeño Comercio,20,1
546.88,True,22,Departamento,17,1
367.75,False,19,Casa,14,0
225.17,False,13,Casa,18,0
143.58,True,5,Casa,19,1
1143.44,True,25,Casa,18,2
712.83,False,23,Casa,10,1
1058.22,True,15,Departamento,21,2
1330.11,False,22,Casa,14,2
858.25,True,14,Casa,16,2
322.39,True,10,Casa,19,1
734.09,True,13,Casa,21,2
284.3,False,10,Casa,11,1
659.88,True,21,Casa,19,1
256.32,True,10,Departamento,17,1
135.34,False,7,Casa,12,0
327.14,True,12,Departamento,17,1
404.1,False,13,Casa,16,1
232.4,True,11,Departamento,17,0
275.55,True,14,Casa,16,0
133.18,False,9,Departamento,17,0
258.95,False,18,Departamento,17,0
225.69,True,7,Departamento,18,1
337.41,True,9,Casa,16,1
1103.48,True,19,Casa,18,2
449.88,True,14,Casa,19,1
223.49,True,8,Departamento,18,1
194.07,False,13,Casa,12,0
88.79,True,11,Departamento,21,0
559.84,True,10,Departamento,18,2
506.09,False,23,Casa,10,0
787.86,False,20,Departamento,18,1
261.98,False,10,Departamento,10,0
430.31,True,17,Casa,19,1
1455.37,True,15,Casa,18,2
245.19,True,12,Pequeño Comercio,18,0
847.75,False,16,Casa,15,2
885.01,True,19,Casa,18,2
142.08,False,4,Departamento,17,1
364.27,False,17,Departamento,19,0
473.34,False,15,Departamento,9,1
718.76,False,17,Casa,12,1
356.92,True,14,Pequeño Comercio,19,1
866.89,False,12,Departamento,15,2
235.67,True,9,Departamento,17,0
282.44,True,6,Departamento,22,2
456.01,False,10,Casa,14,2
747.99,False,17,Casa,13,2
70.3,False,10,Departamento,10,0
1198.44,False,19,Departamento,15,2
373.95,True,14,Casa,21,1
180.78,True,6,Casa,19,1
334.41,False,8,Casa,19,2
321.02,False,11,Casa,13,1
465.15,False,16,Casa,15,1
675.04,True,21,Casa,20,1
492.45,False,10,Departamento,13,2
508.81,True,14,Casa,19,1
198.07,True,13,Casa,19,0
947.16,False,18,Departamento,13,2
1125.45,True,18,Departamento,22,2
807.02,False,21,Casa,12,1
298.45,True,10,Casa,17,1
792.33,True,14,Casa,20,2
208.37,False,6,Casa,8,1
368.77,False,10,Casa,11,1
197.31,True,8,Casa,14,1
340.43,True,9,Casa,18,1
147.66,False,5,Casa,18,1
199.73,True,4,Departamento,19,2
287.28,False,20,Casa,15,0
168.54,True,8,Casa,20,0
812.37,True,26,Casa,17,1
285.11,True,23,Casa,19,0
1018.54,False,19,Pequeño Comercio,11,2
260.42,False,10,Departamento,8,0
732.61,False,14,Departamento,13,2
828.73,False,20,Casa,12,1
696.01,True,17,Pequeño Comercio,20,2
805.14,True,17,Departamento,18,2
304.5,True,9,Departamento,14,1
837.21,False,11,Casa,7,2
215.02,False,17,Casa,17,0
700.05,True,28,Casa,16,0
658.69,True,9,Casa,19,2
238.03,False,13,Departamento,18,0
280.94,True,9,Casa,17,1
122.73,False,6,Departamento,12,0
225.38,False,10,Casa,11,0
596.64,True,8,Departamento,19,2
294.71,False,17,Casa,12,0
1208.72,True,27,Casa,16,2
205.82,False,15,Departamento,12,0
515.69,False,23,Departamento,14,0
259.78,True,6,Departamento,15,1
438.37,True,14,Departamento,22,1
264.32,True,10,Casa,19,1
667.55,True,10,Departamento,19,2
237.66,True,8,Departamento,17,1
682.0,True,11,Departamento,18,2
157.34,False,9,Departamento,14,0
369.08,False,11,Departamento,16,1
550.68,True,15,Casa,19,1
765.94,True,12,Casa,22,2
620.23,False,22,Casa,13,1
257.6,True,14,Casa,18,0
295.13,True,12,Departamento,19,1
605.83,False,17,Casa,10,1
330.35,False,8,Departamento,15,1
534.96,True,14,Departamento,17,1
124.28,True,3,Departamento,20,2
257.13,True,8,Casa,17,1
387.95,True,11,Departamento,20,1
407.22,False,12,Casa,15,1
702.25,False,22,Casa,7,0
145.88,False,11,Pequeño Comercio,12,0
295.03,True,6,Departamento,17,2
288.92,False,14,Casa,22,0
663.57,True,29,Casa,17,0
83.53,True,9,Departamento,21,0
140.5,False,11,Departamento,14,0
555.67,True,14,Casa,19,2
701.71,True,15,Casa,20,2
151.74,False,11,Casa,16,0
185.02,True,6,Casa,17,1
663.71,True,20,Casa,19,1
982.14,False,14,Casa,19,2
435.75,False,14,Departamento,10,1
232.44,False,10,Casa,12,0
675.45,True,13,Casa,17,2
315.84,False,13,Departamento,10,0
219.55,True,17,Casa,19,0
206.47,True,7,Casa,23,1
430.1,False,14,Casa,22,1
649.31,False,15,Departamento,19,2
606.34,False,22,Casa,8,0
161.9,False,8,Departamento,19,0
137.5,False,10,Departamento,11,0
1046.45,False,23,Casa,13,2
396.75,False,10,Departamento,10,1
465.46,True,10,Casa,23,2
741.66,True,23,Casa,21,1
857.12,False,17,Casa,8,2
428.55,False,9,Departamento,10,1
744.86,True,20,Casa,19,2
667.86,False,19,Departamento,13,1
453.95,False,11,Departamento,10,1
380.2,True,18,Casa,21,0
499.03,True,15,Casa,14,1
167.83,False,12,Departamento,13,0
718.07,True,14,Casa,20,2
454.91,False,15,Casa,15,1
160.56,False,8,Pequeño Comercio,14,0
368.47,False,13,Casa,13,1
1014.05,True,27,Casa,18,2
597.29,True,13,Departamento,19,2
122.18,True,9,Departamento,20,0
129.99,False,5,Departamento,21,1
234.03,False,11,Casa,16,0
217.26,True,5,Departamento,17,2
169.1,True,9,Departamento,15,0
754.43,False,15,Departamento,16,2
231.98,True,7,Departamento,21,1
224.44,False,12,Departamento,17,0
349.9,False,11,Departamento,15,1
180.92,False,10,Departamento,15,0
588.22,False,19,Casa,10,0
281.38,True,9,Departamento,18,1
451.52,True,12,Departamento,16,1
265.94,False,7,Casa,16,1
289.33,False,12,Casa,17,0
688.84,False,26,Casa,12,1
482.06,True,11,Casa,20,2
250.01,True,13,Casa,16,0
556.36,False,18,Casa,17,1
388.99,True,10,Casa,20,2
449.11,False,12,Casa,9,1
608.01,False,13,Pequeño Comercio,16,2
152.94,False,9,Casa,9,0
176.14,True,4,Departamento,22,2
520.73,False,17,Casa,15,1
432.14,False,10,Casa,13,2
890.45,False,21,Casa,13,1
149.72,False,12,Casa,15,0
308.53,False,16,Departamento,11,0
752.06,False,19,Casa,10,1
347.92,True,9,Departamento,19,1
161.92,False,6,Pequeño Comercio,12,0
353.71,False,11,Departamento,17,1
493.89,False,12,Casa,21,2
503.01,True,18,Casa,18,1
1689.5,True,17,Casa,20,2
1361.89,False,15,Casa,10,2
337.21,True,13,Departamento,21,1
662.13,False,22,Casa,8,0
593.93,False,15,Casa,14,1
234.88,False,11,Casa,23,1
322.21,False,8,Casa,18,2
415.61,True,10,Departamento,20,2
645.32,False,13,Departamento,15,2
491.32,True,11,Casa,12,2
202.16,False,15,Casa,15,0
466.17,True,17,Casa,16,1
271.18,True,10,Departamento,18,1
908.36,False,18,Casa,12,2
479.89,False,14,Departamento,18,1
567.06,False,16,Casa,15,1
328.15,False,14,Casa,16,0
167.17,False,7,Pequeño Comercio,12,0
275.41,True,11,Departamento,22,0
407.49,True,14,Departamento,21,1
881.8,True,11,Departamento,19,2
566.54,True,14,Casa,14,1
855.42,False,12,Casa,20,2
276.18,True,12,Casa,19,0
196.27,True,11,Departamento,19,0
319.12,True,12,Casa,15,0
471.92,True,14,Departamento,21,1
483.27,True,11,Departamento,20,2
432.69,False,10,Departamento,15,2
187.09,True,14,Departamento,19,0
408.18,False,26,Departamento,16,0
554.76,True,10,Casa,18,2
502.36,False,14,Casa,14,1
202.39,False,12,Casa,17,0
172.74,False,8,Departamento,13,0
191.49,True,7,Casa,20,1
492.21,True,7,Pequeño Comercio,18,2
246.08,False,11,Casa,12,0
1018.9,False,21,Casa,7,1
536.7,True,12,Casa,21,2
1067.93,True,17,Departamento,19,2
446.23,False,5,Departamento,14,2
251.97,False,10,Departamento,16,0
343.7,False,14,Casa,16,0
491.19,True,14,Casa,21,2
254.08,False,10,Casa,10,0
247.71,False,16,Casa,16,0
215.74,False,10,Departamento,15,0
1417.28,False,21,Casa,15,2
358.2,False,12,Departamento,14,1
183.25,False,11,Departamento,15,0
671.71,False,13,Departamento,11,2
110.84,True,8,Pequeño Comercio,19,0
279.9,False,8,Casa,12,1
148.26,True,7,Departamento,18,0
621.82,False,21,Casa,20,1
243.12,False,11,Departamento,13,0
620.57,True,14,Casa,18,2
303.73,True,8,Departamento,19,2
359.23,True,8,Casa,17,2
308.22,True,8,Departamento,14,1
1170.12,False,25,Casa,12,2
1267.99,False,14,Departamento,16,2
670.48,True,10,Departamento,17,2
299.94,False,9,Casa,13,1
575.8,False,11,Departamento,15,2
395.5,False,10,Casa,5,1
188.78,True,10,Departamento,16,0
1269.39,False,12,Departamento,8,2
735.89,True,21,Departamento,18,1
272.03,False,13,Departamento,15,0
523.33,False,11,Departamento,14,2
149.49,False,6,Casa,16,0
230.1,True,9,Departamento,21,1
415.55,False,17,Casa,17,0
459.94,True,15,Departamento,19,1
464.19,True,11,Casa,16,2
858.1,True,17,Casa,22,2
453.88,True,11,Casa,22,2
498.07,False,24,Departamento,16,0
201.36,False,12,Casa,12,0
251.71,False,11,Departamento,12,0
91.84,True,4,Casa,19,0
537.68,False,18,Casa,14,1
134.07,True,14,Casa,18,0
589.65,False,14,Departamento,15,2
577.12,True,12,Casa,19,2
368.92,True,15,Departamento,19,1
168.62,False,9,Casa,12,0
573.67,False,15,Departamento,15,1
391.44,True,15,Casa,18,1
198.17,False,9,Departamento,18,1
437.77,True,9,Casa,21,2
549.7,True,26,Pequeño Comercio,18,0
135.39,True,9,Casa,19,0
678.5,True,21,Departamento,18,1
320.61,True,18,Pequeño Comercio,16,0
407.12,False,11,Pequeño Comercio,17,1
217.68,True,10,Departamento,17,0
369.37,True,10,Casa,19,1
346.91,False,15,Pequeño Comercio,13,0
580.54,True,30,Casa,16,0
286.71,True,17,Casa,19,0
186.25,False,10,Departamento,13,0
117.17,True,6,Departamento,21,0
629.09,True,17,Departamento,20,2
1021.21,True,11,Casa,17,2
482.24,False,18,Departamento,16,0
434.79,False,12,Departamento,15,1
537.03,False,13,Departamento,18,2
527.06,False,11,Pequeño Comercio,8,1
887.04,True,16,Casa,20,2
269.62,False,11,Departamento,13,0
454.31,True,10,Departamento,16,2
84.24,False,8,Casa,16,0
497.8,True,16,Departamento,17,1
124.03,False,7,Departamento,14,0
265.55,False,10,Casa,6,0
424.07,False,13,Casa,16,1
473.31,True,16,Casa,18,1
645.87,True,17,Casa,14,1
743.68,False,19,Casa,17,2
156.57,True,10,Departamento,22,0
617.0,False,19,Pequeño Comercio,7,0
576.42,True,14,Departamento,18,2
260.13,False,9,Casa,9,0
923.24,True,17,Departamento,20,2
759.5,True,16,Departamento,17,2
337.24,False,13,Departamento,19,1
497.41,True,20,Casa,20,1
799.51,True,16,Departamento,22,2
178.71,False,13,Pequeño Comercio,14,0
368.02,False,18,Pequeño Comercio,15,0
207.67,False,10,Departamento,7,0
170.49,True,12,Departamento,18,0
156.06,True,6,Departamento,20,1
795.32,False,18,Departamento,19,2
304.22,True,13,Casa,17,0
351.7,True,19,Casa,20,0
597.09,False,24,Casa,12,0
221.3,True,19,Casa,21,0
863.2,True,23,Pequeño Comercio,18,1
476.64,False,12,Departamento,12,1
863.66,False,18,Casa,14,2
169.08,False,5,Departamento,13,1
461.76,False,13,Departamento,13,1
160.22,False,12,Casa,13,0
954.52,False,9,Casa,11,2
603.84,True,21,Casa,17,1
121.14,False,6,Departamento,15,0
610.77,False,14,Casa,18,2
690.85,True,16,Pequeño Comercio,20,2
107.72,False,9,Casa,19,0
460.98,False,12,Casa,17,1
173.92,False,8,Pequeño Comercio,5,0
259.83,False,10,Departamento,15,0
766.03,False,10,Pequeño Comercio,14,2
649.18,True,23,Casa,17,1
141.89,True,8,Departamento,19,0
138.83,True,10,Pequeño Comercio,18,0
785.24,True,12,Departamento,17,2
464.28,True,9,Casa,19,2
261.36,False,12,Departamento,18,0
179.39,False,9,Departamento,7,0
176.43,False,12,Pequeño Comercio,17,0
524.54,False,21,Casa,9,0
128.76,False,7,Departamento,16,0
805.76,False,13,Casa,7,2
1147.69,False,18,Casa,9,2
544.44,True,10,Departamento,19,2
562.58,True,12,Casa,21,2
213.04,True,11,Casa,21,0
328.78,True,8,Departamento,14,1
597.29,False,28,Casa,16,0
499.91,False,16,Departamento,16,1
481.97,False,8,Departamento,17,2
322.41,False,13,Departamento,5,0
669.49,True,15,Departamento,20,2
387.05,True,26,Casa,20,0
306.63,True,9,Departamento,18,1
380.79,False,18,Casa,13,0
508.87,True,10,Casa,19,2
122.71,True,4,Departamento,21,1
569.03,True,14,Casa,19,2
342.53,False,9,Departamento,14,1
184.51,False,12,Departamento,17,0
505.04,False,16,Pequeño Comercio,13,1
601.12,True,18,Departamento,15,1
172.08,False,9,Pequeño Comercio,10,0
632.34,True,14,Departamento,21,2
580.27,True,20,Departamento,15,1
343.36,True,9,Casa,22,2
628.66,False,22,Casa,17,1
880.07,False,19,Casa,14,2
672.28,False,25,Casa,20,1
425.36,True,12,Casa,21,2
564.01,False,17,Casa,14,1
137.73,False,8,Departamento,13,0
323.29,False,8,Departamento,21,2
403.07,False,13,Departamento,18,1
332.58,False,13,Casa,20,1
222.82,True,10,Departamento,20,0
485.88,False,16,Casa,11,0
594.2,False,8,Pequeño Comercio,8,2
460.97,True,22,Departamento,15,0
154.36,True,9,Departamento,18,0
288.75,True,15,Departamento,17,0
243.8,False,9,Departamento,14,0
1293.58,False,19,Departamento,17,2
988.8,False,13,Departamento,15,2
1163.21,False,26,Casa,12,2
1155.62,False,19,Casa,15,2
231.01,False,16,Departamento,14,0
1009.22,False,22,Casa,16,2
322.64,True,7,Casa,19,2
740.17,False,28,Casa,15,1
276.42,True,6,Departamento,19,2
912.14,False,20,Casa,11,2
703.65,True,18,Casa,18,1
131.9,True,5,Casa,19,1
512.76,True,8,Casa,19,2
843.29,False,19,Casa,16,2
198.61,False,9,Departamento,13,0
184.92,False,7,Departamento,12,0
150.12,True,11,Casa,18,0
439.25,False,18,Pequeño Comercio,14,0
683.64,False,18,Departamento,16,1
373.96,False,6,Departamento,13,2
132.49,False,7,Departamento,15,0
327.09,True,8,Casa,19,2
405.44,True,13,Casa,18,1
501.06,True,16,Casa,21,1
1371.52,True,24,Casa,19,2
1035.2,False,24,Casa,8,1
190.89,False,8,Departamento,18,0
559.77,True,19,Casa,20,1
183.89,False,9,Departamento,15,0
929.47,False,16,Casa,9,2
407.13,True,18,Departamento,19,1
320.83,False,14,Casa,14,0
1084.11,True,21,Casa,21,2
286.6,False,11,Departamento,23,1
536.06,False,9,Departamento,8,2
595.04,True,14,Casa,16,2
670.5,False,15,Casa,14,1
344.07,False,14,Departamento,15,0
183.73,False,15,Departamento,17,0
255.97,True,13,Departamento,18,0
390.31,True,11,Casa,20,1
488.1,True,14,Departamento,18,1
220.34,False,6,Casa,10,1
263.89,True,15,Departamento,22,0
833.79,True,17,Casa,20,2
893.02,True,19,Casa,21,2
719.02,True,18,Casa,18,2
384.46,False,11,Casa,17,1
1032.6,True,14,Casa,21,2
69.25,False,9,Departamento,7,0
537.1,False,14,Departamento,10,1
572.5,True,14,Departamento,17,2
323.74,False,8,Casa,16,2
404.86,False,13,Casa,14,1
716.38,True,14,Departamento,20,2
1376.21,True,17,Casa,18,2
209.47,False,12,Departamento,16,0
745.46,True,13,Casa,19,2
214.34,True,8,Casa,19,1
691.66,False,20,Casa,12,1
925.45,True,20,Casa,23,2
586.72,True,15,Departamento,19,2
529.9,True,11,Casa,20,2
671.01,True,17,Casa,19,2
749.51,True,18,Departamento,21,2
201.09,True,15,Pequeño Comercio,16,0
139.91,True,9,Departamento,21,0
476.45,True,10,Casa,21,2
360.22,True,12,Departamento,21,1
898.15,False,19,Departamento,4,1
466.95,False,18,Pequeño Comercio,12,0
270.05,False,7,Casa,20,2
115.68,False,8,Pequeño Comercio,11,0
608.22,True,16,Departamento,18,1
167.84,True,9,Casa,20,0
377.9,False,18,Casa,16,0
361.91,False,24,Departamento,11,0
491.67,True,15,Casa,18,1
417.58,False,12,Casa,15,1
576.8,False,12,Casa,13,2
487.07,True,11,Departamento,18,2
618.36,True,20,Casa,19,1
597.75,False,12,Casa,7,1
589.14,False,12,Casa,16,2
230.76,False,7,Casa,9,1
229.58,False,11,Casa,15,0
383.64,False,11,Departamento,10,1
211.65,True,9,Departamento,17,0
684.07,False,13,Casa,18,2
574.74,False,13,Departamento,12,1
1274.72,False,17,Casa,7,2
705.47,True,12,Casa,19,2
431.22,False,12,Departamento,15,1
536.28,True,22,Casa,16,0
438.0,True,11,Departamento,21,2
1009.22,True,23,Pequeño Comercio,20,2
519.27,False,13,Casa,16,2
311.65,False,8,Departamento,13,1
500.15,True,9,Casa,14,2
887.23,True,18,Casa,21,2
1514.81,True,17,Casa,20,2
212.26,False,9,Casa,23,1
103.99,False,5,Departamento,19,0
710.88,True,11,Casa,21,2
563.56,True,21,Departamento,20,1
501.26,True,23,Casa,15,0
916.67,True,19,Casa,20,2
245.0,False,12,Casa,10,0
896.34,False,17,Pequeño Comercio,16,2
156.8,True,8,Casa,21,0
439.9,True,16,Casa,17,1
199.78,True,9,Casa,17,0
893.65,True,17,Casa,20,2
1476.84,False,22,Pequeño Comercio,19,2
382.25,True,19,Casa,20,0
662.75,False,16,Casa,19,2
384.43,False,13,Casa,8,0
460.21,True,13,Departamento,20,1
266.97,True,10,Departamento,17,0
957.01,False,25,Casa,16,1
491.45,True,18,Casa,19,1
553.06,False,14,Casa,12,1
1368.06,False,21,Casa,11,2
329.0,False,13,Departamento,23,1
405.3,False,14,Departamento,12,1
1648.57,True,19,Departamento,18,2
426.6,False,17,Casa,15,0
250.87,False,8,Departamento,13,1
233.03,False,22,Casa,13,0
328.9,True,14,Departamento,18,0
262.69,False,7,Departamento,9,1
562.21,True,13,Casa,20,2
1023.68,False,31,Departamento,10,1
269.52,True,10,Casa,21,1
379.15,False,10,Casa,13,1
455.55,True,10,Departamento,18,2
544.7,False,12,Departamento,13,1
580.53,False,21,Casa,15,1
857.98,True,26,Pequeño Comercio,19,1
751.52,False,25,Casa,17,1
520.65,True,12,Casa,16,2
1228.14,False,20,Casa,17,2
547.86,True,13,Departamento,17,2
210.6,False,7,Departamento,21,1
900.37,True,16,Casa,16,2
350.93,True,14,Casa,19,0
387.42,True,14,Departamento,15,1
281.82,True,9,Departamento,20,1
653.97,False,11,Departamento,14,2
412.37,False,11,Casa,6,1
358.48,False,13,Departamento,14,1
254.69,False,15,Departamento,13,0
450.81,False,14,Departamento,12,1
974.59,True,17,Casa,19,2
1129.06,True,28,Casa,18,2
168.55,False,7,Departamento,21,1
176.96,False,5,Departamento,12,1
310.95,False,10,Casa,14,1
747.54,True,26,Casa,19,1
437.27,False,10,Departamento,20,2
232.79,False,9,Departamento,12,0
250.33,False,20,Casa,12,0
1444.32,True,16,Casa,21,2
334.14,False,17,Casa,13,0
484.31,True,13,Casa,17,1
759.52,False,22,Casa,13,1
380.97,True,17,Casa,22,1
417.09,False,9,Casa,13,2
205.29,True,9,Casa,19,0
628.73,True,14,Casa,18,2
468.11,False,17,Departamento,18,1
276.51,False,5,Departamento,13,2
759.05,True,23,Casa,18,1
333.52,True,13,Departamento,20,1
683.63,False,16,Departamento,16,2
686.75,True,22,Casa,17,1
463.26,False,8,Departamento,15,2
310.37,True,20,Casa,17,0
459.99,True,8,Casa,22,2
412.94,True,23,Casa,19,0
180.56,True,10,Departamento,19,0
444.17,True,10,Casa,18,2
364.89,False,9,Departamento,17,2
284.02,True,13,Casa,21,0
1380.73,False,19,Departamento,11,2
363.91,True,11,Departamento,19,1
1089.93,True,16,Departamento,17,2
296.51,False,12,Casa,12,0
788.75,False,26,Casa,4,0
383.58,False,9,Departamento,15,2
900.04,False,15,Casa,15,2
324.77,True,11,Departamento,16,1
897.3,False,13,Casa,16,2
388.79,False,16,Departamento,19,0
82.42,False,12,Departamento,12,0
393.19,False,11,Departamento,15,1
159.57,False,8,Departamento,16,0
271.33,False,15,Casa,17,0
407.72,True,17,Casa,19,0
503.83,True,11,Departamento,19,2
197.87,False,11,Departamento,13,0
588.66,True,17,Casa,19,1
106.21,True,9,Casa,18,0
343.6,False,13,Casa,12,0
321.9,False,12,Casa,12,0
560.82,True,6,Departamento,20,2
204.97,False,15,Casa,16,0
802.44,True,10,Casa,19,2
643.81,False,19,Casa,8,1
721.53,False,20,Casa,21,2
559.79,True,17,Casa,19,1
510.75,False,10,Departamento,15,2
711.61,False,21,Casa,15,1
1278.08,False,25,Casa,10,2
414.21,False,10,Casa,11,1
240.72,False,6,Casa,10,1
171.22,False,7,Pequeño Comercio,17,1
256.89,False,15,Casa,16,0
997.34,False,14,Departamento,14,2
499.89,True,12,Departamento,20,2
180.29,False,11,Departamento,12,0
948.06,False,19,Casa,20,2
584.91,False,16,Casa,20,2
269.0,True,10,Departamento,18,1
447.78,True,15,Departamento,18,1
127.93,False,9,Casa,17,0
1182.28,False,24,Casa,11,2
381.73,True,8,Departamento,21,2
399.39,False,13,Casa,14,1
715.88,False,17,Casa,23,2
562.44,True,17,Casa,18,1
385.38,False,20,Casa,6,0
271.41,False,8,Departamento,17,1
340.51,True,15,Casa,21,1
292.97,True,10,Casa,21,1
635.33,True,18,Departamento,18,1
290.16,True,11,Departamento,19,1
203.58,True,7,Departamento,16,1
141.65,False,5,Departamento,16,1
126.34,False,9,Departamento,22,0
566.46,True,10,Departamento,20,2
256.14,True,13,Departamento,21,0
185.74,False,10,Casa,16,0
184.36,False,16,Casa,8,0
435.68,False,20,Casa,16,0
349.43,False,10,Casa,17,1
196.43,False,9,Departamento,17,0
1050.96,False,24,Casa,9,1
204.15,False,7,Casa,16,1
178.59,False,12,Casa,21,0
403.36,True,11,Casa,18,2
772.32,True,17,Casa,22,2
487.69,False,9,Casa,15,2
193.16,True,11,Departamento,17,0
281.72,True,12,Casa,21,1
103.6,True,9,Casa,17,0
800.37,False,21,Casa,15,1
271.27,True,5,Departamento,16,2
626.95,False,26,Casa,14,1
330.62,True,12,Casa,18,1
204.0,False,11,Casa,9,0
1284.82,False,24,Casa,13,2
103.44,False,5,Casa,10,0
852.52,True,14,Departamento,18,2
199.99,False,7,Casa,1,0
215.41,False,13,Departamento,16,0
468.19,True,16,Casa,19,1
432.4,True,14,Casa,22,1
122.17,True,11,Casa,17,0
635.99,True,10,Departamento,17,2
279.27,True,5,Departamento,21,2
579.63,True,15,Casa,20,2
898.23,False,25,Pequeño Comercio,16,1
1047.4,False,16,Casa,22,2
282.64,True,16,Departamento,17,0
709.58,True,11,Casa,16,2
172.17,False,8,Departamento,9,0
506.04,False,15,Casa,13,1
447.25,True,8,Casa,15,2
497.06,True,12,Casa,19,2
305.75,False,7,Casa,10,1
255.67,False,12,Casa,15,0
823.68,False,14,Casa,10,2
534.35,False,15,Casa,11,1
142.51,False,11,Pequeño Comercio,14,0
314.19,True,8,Departamento,18,1
187.78,True,11,Casa,18,0
286.12,True,15,Casa,22,0
317.78,False,7,Departamento,18,2
101.33,False,10,Departamento,17,0
723.49,False,22,Casa,20,1
564.58,False,8,Pequeño Comercio,15,2
282.93,False,11,Departamento,16,1
131.86,True,8,Casa,20,0
1067.73,False,13,Casa,19,2
715.06,True,19,Departamento,22,2
494.38,True,11,Casa,17,2
887.81,True,18,Casa,16,2
310.17,False,6,Departamento,21,2
808.57,False,22,Departamento,19,1
228.51,False,14,Casa,7,0
948.86,True,17,Casa,22,2
334.55,True,10,Casa,19,1
178.29,False,8,Pequeño Comercio,18,0
738.09,True,18,Casa,21,2
277.0,False,16,Departamento,20,0
211.92,False,15,Departamento,14,0
508.04,True,12,Casa,18,2
481.52,True,14,Departamento,22,2
166.17,True,9,Casa,19,0
93.24,False,7,Casa,10,0
443.54,False,13,Casa,18,1
1060.31,False,17,Casa,3,2
457.42,True,19,Departamento,18,0
190.2,False,12,Departamento,16,0
87.6,False,6,Departamento,10,0
893.23,False,28,Casa,21,1
1563.54,True,24,Casa,20,2
121.28,True,9,Departamento,17,0
587.55,True,16,Departamento,17,1
322.66,False,15,Casa,16,0
459.21,True,14,Departamento,15,1
1395.21,False,26,Casa,14,2
232.24,False,12,Casa,14,0
490.72,False,12,Casa,9,1
431.66,True,10,Departamento,21,2
297.49,False,11,Departamento,13,1
1141.4,True,23,Casa,18,2
250.05,False,20,Casa,15,0
400.05,True,13,Departamento,18,1
1170.69,True,22,Casa,18,2
486.78,True,9,Casa,16,2
480.15,False,11,Casa,14,2
1146.55,True,15,Departamento,16,2
908.27,True,11,Casa,17,2
752.64,True,13,Casa,20,2
362.02,True,7,Casa,18,2
399.6,True,10,Casa,20,2
407.34,False,17,Casa,18,0
1449.05,True,24,Casa,17,2
124.87,False,6,Departamento,12,0
1050.7,True,23,Casa,19,2
651.11,True,24,Casa,17,1
340.29,False,17,Casa,7,0
122.05,True,11,Departamento,20,0
376.98,True,12,Casa,17,1
314.38,False,10,Departamento,16,1
307.23,False,14,Departamento,13,0
657.75,True,18,Casa,22,2
607.46,True,18,Casa,17,1
219.96,False,9,Casa,23,1
190.44,False,15,Departamento,16,0
527.05,False,18,Casa,13,0
797.07,True,17,Departamento,20,2
1396.5,True,12,Departamento,19,2
118.77,False,10,Departamento,13,0
570.25,False,18,Casa,12,1
160.18,False,10,Departamento,11,0
528.45,True,14,Casa,16,1
396.7,False,17,Casa,15,0
563.34,False,14,Departamento,9,1
646.31,True,19,Casa,16,1
323.84,True,12,Departamento,15,0
476.75,False,16,Departamento,13,1
1032.94,False,12,Casa,15,2
531.56,True,14,Casa,18,1
262.91,False,10,Casa,14,0
592.14,False,9,Casa,19,2
617.6,False,12,Departamento,11,2
360.42,False,16,Casa,10,0
881.72,True,24,Casa,16,1
321.93,False,9,Departamento,14,1
346.11,True,11,Departamento,21,1
267.25,True,8,Casa,18,1
303.01,True,9,Departamento,20,1
307.28,False,10,Departamento,13,1
642.97,True,21,Casa,18,1
263.57,False,9,Pequeño Comercio,11,0
105.22,False,9,Departamento,13,0
791.91,True,11,Casa,17,2
947.46,True,13,Casa,20,2
187.36,False,7,Departamento,7,0
857.55,False,14,Departamento,15,2
944.83,True,20,Casa,18,2
234.74,False,12,Departamento,9,0
839.22,True,22,Casa,22,2
545.3,True,20,Casa,19,1
545.9,False,17,Casa,7,0
426.03,False,7,Departamento,7,2
360.33,True,12,Departamento,16,1
908.04,True,14,Casa,14,2
477.77,True,9,Departamento,17,2
550.44,False,18,Casa,13,1
